"year","naics_2digit","initial_approvals","initial_denials","continuing_approvals","continuing_denials","total_approvals","total_denials","total_applications","denial_rate","total_employment","AVG_WAGE","inflation_rate","pre_period_employment","h1b_dependency_current","h1b_dependency_preperiod","real_wage","avg_preperiod_dependency","post_treatment","high_dependency_median","high_dependency_top25","high_dependency_top10","did_median","did_top25","did_top10","did_continuous","triple_int_median","triple_int_top25","log_wage","log_real_wage","naics_factor","year_factor","industry_category"
2012,"11",135,15,152,5,287,20,307,0.0651465798045603,1962510,43353.08548,2.0693,2028730,0.000146241293037997,0.000141467814839826,42474.1675312753,0.000130327840570209,FALSE,TRUE,FALSE,FALSE,0,0,0,0,0,0,10.677133155685,10.6566513473198,"11","2012","NAICS 11"
2012,"21",810,20,778,18,1588,38,1626,0.023370233702337,3903550,65534.86033,2.0693,3852506,0.000406809186509715,0.000412199228242604,64206.2405934007,0.00035675479804574,FALSE,TRUE,FALSE,FALSE,0,0,0,0,0,0,11.0903374988238,11.0698556904586,"21","2012","NAICS 21"
2012,"22",291,6,512,10,803,16,819,0.0195360195360195,2760390,68529.39453,2.0693,2741150,0.000290900923420241,0.000292942743009321,67140.0651616108,0.000288054283786002,FALSE,TRUE,FALSE,FALSE,0,0,0,0,0,0,11.1350180494321,11.1145362410669,"22","2012","NAICS 22"
2012,"23",533,32,552,21,1085,53,1138,0.046572934973638,28029300,52109.96364,2.0693,30492796,3.8709493280246e-05,3.55821748848482e-05,51053.5132895004,3.91895843201784e-05,FALSE,FALSE,FALSE,FALSE,0,0,0,0,0,0,10.8611114501483,10.8406296417831,"23","2012","Construction"
2012,"31-33",12706,386,14563,281,27269,667,27936,0.0238760022909507,59217830,54009.4365752381,2.0693,60255010,0.000460486309613169,0.000452559878423388,52914.4772965408,0.000447040005470085,FALSE,TRUE,TRUE,FALSE,0,0,0,0,0,0,10.8969140616725,10.8764322533073,"31-33","2012","Manufacturing"
2012,"42",1319,182,1313,39,2632,221,2853,0.0774623203645286,28082190,54052.9572533333,2.0693,28696212,9.37248839923097e-05,9.17194227586554e-05,52957.1156590016,0.000117186198652282,FALSE,FALSE,FALSE,FALSE,0,0,0,0,0,0,10.8977195348608,10.8772377264956,"42","2012","Wholesale Trade"
2012,"44-45",2254,202,3162,74,5416,276,5692,0.0484891075193254,74757040,42442.43224,2.0693,77136482,7.24480262995967e-05,7.02132098790816e-05,41581.9764023071,8.33535550662007e-05,FALSE,FALSE,FALSE,FALSE,0,0,0,0,0,0,10.6559039011706,10.6354220928054,"44-45","2012","Retail Trade"
2012,"48-49",478,74,699,22,1177,96,1273,0.0754124116260801,24967640,57333.8187290909,2.0693,25403244,4.71410193354278e-05,4.63326652296848e-05,56171.4626524243,4.63405382399193e-05,FALSE,FALSE,FALSE,FALSE,0,0,0,0,0,0,10.9566459332967,10.9361641249315,"48-49","2012","NAICS 48-49"
2012,"51",4648,171,5417,143,10065,314,10379,0.0302533962809519,13383090,63438.1609133333,2.0693,13556686,0.000752068468492702,0.000742438085532113,62152.0485722282,0.000959334751870774,FALSE,TRUE,TRUE,TRUE,0,0,0,0,0,0,11.0578208665022,11.037339058137,"51","2012","Information Technology"
2012,"52",4596,138,7664,107,12260,245,12505,0.0195921631347461,27614380,69404.025176,2.0693,28095322,0.000443971582921652,0.0004363715781581,67996.963999949,0.000543343123100707,FALSE,TRUE,TRUE,FALSE,0,0,0,0,0,0,11.1477001444672,11.127218336102,"52","2012","Finance and Insurance"
2012,"53",319,67,362,17,681,84,765,0.109803921568627,9618790,54007.2502433333,2.0693,10042336,7.07989258524201e-05,6.78129072757574e-05,52912.335289194,7.53211205042333e-05,FALSE,FALSE,FALSE,FALSE,0,0,0,0,0,0,10.8968735802993,10.8763917719341,"53","2012","Real Estate and Rental and Leasing"
2012,"54",51660,4305,54546,2485,106206,6790,112996,0.0600906226769089,38823410,57784.63074,2.0693,41218136,0.00273561750500536,0.00257668129388481,56613.1351346585,0.00309263863848671,FALSE,TRUE,TRUE,TRUE,0,0,0,0,0,0,10.9644781151494,10.9439963067842,"54","2012","Professional Services"
2012,"55",346,22,789,9,1135,31,1166,0.0265866209262436,9955730,58142.45763,2.0693,10870078,0.000114004698801595,0.000104415074114464,56963.7076280527,0.000104359876718456,FALSE,FALSE,FALSE,FALSE,0,0,0,0,0,0,10.9706514441173,10.9501696357521,"55","2012","NAICS 55"
2012,"56",1098,134,1220,56,2318,190,2508,0.0757575757575758,39470980,52140.520285,2.0693,42503574,5.87266898364317e-05,5.45365902641505e-05,51083.4504449428,5.94632347858559e-05,FALSE,FALSE,FALSE,FALSE,0,0,0,0,0,0,10.861697666053,10.8412158576878,"56","2012","Administrative and Support Services"
2012,"61",11243,365,11352,281,22595,646,23241,0.0277957058646358,0,52559.00469,2.0693,51184228,Inf,0.000441444579373162,51493.4507143676,0.000461962618641039,FALSE,TRUE,TRUE,FALSE,0,0,0,0,0,0,10.8696917163354,10.8492099079702,"61","2012","Educational Services"
2012,"62",5961,570,7207,233,13168,803,13971,0.057476200701453,88574070,49349.057715,2.0693,92019372,0.000148666534122232,0.000143100302836233,48348.5805379286,0.000148455696915645,FALSE,TRUE,FALSE,FALSE,0,0,0,0,0,0,10.8066739507584,10.7861921423932,"62","2012","Healthcare"
2012,"71",419,70,289,12,708,82,790,0.10379746835443,9610080,45756.2334233333,2.0693,10534054,7.36726437240897e-05,6.72105914778869e-05,44828.5953007744,5.27052547860491e-05,FALSE,FALSE,FALSE,FALSE,0,0,0,0,0,0,10.7310833111129,10.7106015027477,"71","2012","NAICS 71"
2012,"72",391,183,573,51,964,234,1198,0.195325542570952,57796870,38896.653265,2.0693,62316340,1.66791039030314e-05,1.54694579302956e-05,38108.0827094925,1.34218408847503e-05,FALSE,FALSE,FALSE,FALSE,0,0,0,0,0,0,10.5686634915866,10.5481816832214,"72","2012","Accommodation and Food Services"
2012,"81",730,115,585,22,1315,137,1452,0.0943526170798898,19010620,45644.7937233333,2.0693,19571198,6.91718628850611e-05,6.71905725955049e-05,44719.4148713995,6.09467034159074e-05,FALSE,FALSE,FALSE,FALSE,0,0,0,0,0,0,10.7286448318375,10.7081630234724,"81","2012","Other Services"
2013,"11",123,17,197,7,320,24,344,0.0697674418604651,2010140,42942.421575,1.4648,2028730,0.000159192892037371,0.000157734148950329,42322.4818607044,0.000130327840570209,FALSE,TRUE,FALSE,FALSE,0,0,0,0,0,0,10.6676154642302,10.6530737099143,"11","2013","NAICS 11"
2013,"21",675,10,869,12,1544,22,1566,0.0140485312899106,4020950,68053.4962966667,1.4648,3852506,0.000383988858354369,0.000400778090936134,67071.039707038,0.00035675479804574,FALSE,TRUE,FALSE,FALSE,0,0,0,0,0,0,11.128049385109,11.1135076307932,"21","2013","NAICS 21"
2013,"22",240,9,627,9,867,18,885,0.0203389830508475,2710870,69904.14397,1.4648,2741150,0.000319823525288929,0.000316290607956515,68894.9704429516,0.000288054283786002,FALSE,TRUE,FALSE,FALSE,0,0,0,0,0,0,11.1548802107279,11.140338456412,"22","2013","NAICS 22"
2013,"23",486,30,722,16,1208,46,1254,0.036682615629984,28931050,53357.2394233333,1.4648,30492796,4.17544472115599e-05,3.9615914526172e-05,52586.9458406594,3.91895843201784e-05,FALSE,FALSE,FALSE,FALSE,0,0,0,0,0,0,10.8847649443062,10.8702231899903,"23","2013","Construction"
2013,"31-33",10505,366,16865,311,27370,677,28047,0.0241380539808179,59786740,55106.9755790476,1.4648,60255010,0.000457793818495539,0.000454236087588401,54311.4218714743,0.000447040005470085,FALSE,TRUE,TRUE,FALSE,0,0,0,0,0,0,10.9170315856589,10.902489831343,"31-33","2013","Manufacturing"
2013,"42",1378,176,2105,66,3483,242,3725,0.0649664429530201,28437180,54795.2919066667,1.4648,28696212,0.000122480499121221,0.000121374904813221,54004.2378309194,0.000117186198652282,FALSE,FALSE,FALSE,FALSE,0,0,0,0,0,0,10.9113595551334,10.8968178008175,"42","2013","Wholesale Trade"
2013,"44-45",2212,180,4278,74,6490,254,6744,0.0376631079478055,75699550,42715.0814408333,1.4648,77136482,8.57336668447831e-05,8.41365827391506e-05,42098.4237300358,8.33535550662007e-05,FALSE,FALSE,FALSE,FALSE,0,0,0,0,0,0,10.6623073321936,10.6477655778778,"44-45","2013","Retail Trade"
2013,"48-49",413,64,828,18,1241,82,1323,0.0619803476946334,24363600,58218.82638,1.4648,25403244,5.09366431890197e-05,4.88520285047059e-05,57378.3483336093,4.63405382399193e-05,FALSE,FALSE,FALSE,FALSE,0,0,0,0,0,0,10.9719640587316,10.9574223044158,"48-49","2013","NAICS 48-49"
2013,"51",4012,168,7291,150,11303,318,11621,0.0273642543670941,13413910,64946.175515,1.4648,13556686,0.000842632759575694,0.000833758338874265,64008.5778664128,0.000959334751870774,FALSE,TRUE,TRUE,TRUE,0,0,0,0,0,0,11.0813141368393,11.0667723825234,"51","2013","Information Technology"
2013,"52",3890,139,9434,120,13324,259,13583,0.0190679525877936,27849320,71700.281638,1.4648,28095322,0.000478431789357873,0.000474242651499064,70665.1781090585,0.000543343123100707,FALSE,TRUE,TRUE,FALSE,0,0,0,0,0,0,11.1802499545856,11.1657082002697,"52","2013","Finance and Insurance"
2013,"53",250,51,463,13,713,64,777,0.0823680823680824,9755750,55121.8907133333,1.4648,10042336,7.30851036568178e-05,7.09994168687445e-05,54326.1216829219,7.53211205042333e-05,FALSE,FALSE,FALSE,FALSE,0,0,0,0,0,0,10.9173022068651,10.9027604525492,"53","2013","Real Estate and Rental and Leasing"
2013,"54",56240,6712,67050,2686,123290,9398,132688,0.0708278065838659,40071390,58191.90058,1.4648,41218136,0.00307675875481235,0.00299115903737132,57351.8112488272,0.00309263863848671,FALSE,TRUE,TRUE,TRUE,0,0,0,0,0,0,10.971501458743,10.9569597044272,"54","2013","Professional Services"
2013,"55",310,16,1083,12,1393,28,1421,0.0197044334975369,10621950,58539.6462,1.4648,10870078,0.000131143528259877,0.000128149954397751,57694.5366274807,0.000104359876718456,FALSE,FALSE,FALSE,FALSE,0,0,0,0,0,0,10.9774595164968,10.962917762181,"55","2013","NAICS 55"
2013,"56",1063,157,1477,87,2540,244,2784,0.0876436781609195,40977610,53983.716795,1.4648,42503574,6.19850694074154e-05,5.97596804447551e-05,53204.3790506658,5.94632347858559e-05,FALSE,FALSE,FALSE,FALSE,0,0,0,0,0,0,10.8964377392405,10.8818959849246,"56","2013","Administrative and Support Services"
2013,"61",12083,457,14756,354,26839,811,27650,0.0293309222423146,63520900,52987.06717,1.4648,51184228,0.000422522350911275,0.000524360746439313,52222.1175915194,0.000461962618641039,FALSE,TRUE,TRUE,FALSE,0,0,0,0,0,0,10.8778031470972,10.8632613927814,"61","2013","Educational Services"
2013,"62",5985,437,9836,284,15821,721,16542,0.0435860234554467,90250450,50390.4784325,1.4648,92019372,0.000175301064980839,0.000171931188576249,49663.0145947166,0.000148455696915645,FALSE,TRUE,FALSE,FALSE,0,0,0,0,0,0,10.8275575162218,10.8130157619059,"62","2013","Healthcare"
2013,"71",270,54,339,10,609,64,673,0.0950965824665676,9838610,46964.4051466667,1.4648,10534054,6.18989877635154e-05,5.78125002966569e-05,46286.4019311788,5.27052547860491e-05,FALSE,FALSE,FALSE,FALSE,0,0,0,0,0,0,10.7571452564625,10.7426035021466,"71","2013","NAICS 71"
2013,"72",316,106,602,42,918,148,1066,0.138836772983114,59875050,40666.025125,1.4648,62316340,1.53319287416044e-05,1.47312887759454e-05,40078.948684667,1.34218408847503e-05,FALSE,FALSE,FALSE,FALSE,0,0,0,0,0,0,10.6131482593081,10.5986065049922,"72","2013","Accommodation and Food Services"
2013,"81",539,86,672,35,1211,121,1332,0.0908408408408408,19209520,46568.76942,1.4648,19571198,6.30416585109883e-05,6.18766413788262e-05,45896.4778129952,6.09467034159074e-05,FALSE,FALSE,FALSE,FALSE,0,0,0,0,0,0,10.7486854113198,10.734143657004,"81","2013","Other Services"
2014,"11",95,10,204,14,299,24,323,0.0743034055727554,2038860,44479.0387,1.6222,2028730,0.000146650579245265,0.000147382845425463,43769.0176949525,0.000130327840570209,FALSE,TRUE,FALSE,FALSE,0,0,0,0,0,0,10.7027733167305,10.6866814875057,"11","2014","NAICS 11"
2014,"21",480,18,1128,21,1608,39,1647,0.0236794171220401,4091590,68981.8200333333,1.6222,3852506,0.000393001253791313,0.000417390654290999,67880.6599673431,0.00035675479804574,FALSE,TRUE,FALSE,FALSE,0,0,0,0,0,0,11.1415982710853,11.1255064418605,"21","2014","NAICS 21"
2014,"22",219,7,643,8,862,15,877,0.0171037628278221,2730440,71696.62264,1.6222,2741150,0.000315700033694203,0.000314466556007515,70552.1260511975,0.000288054283786002,FALSE,TRUE,FALSE,FALSE,0,0,0,0,0,0,11.1801989214337,11.1641070922089,"22","2014","NAICS 22"
2014,"23",500,48,716,21,1216,69,1285,0.0536964980544747,30168500,54104.3490633333,1.6222,30492796,4.03069426719923e-05,3.98782715760142e-05,53240.6787722893,3.91895843201784e-05,FALSE,FALSE,FALSE,FALSE,0,0,0,0,0,0,10.8986698509443,10.8825780217195,"23","2014","Construction"
2014,"31-33",9709,289,19075,309,28784,598,29382,0.0203525968279899,60292010,55819.2568604762,1.6222,60255010,0.000477409859117319,0.000477703015898595,54928.2114149036,0.000447040005470085,FALSE,TRUE,TRUE,FALSE,0,0,0,0,0,0,10.9298741938608,10.913782364636,"31-33","2014","Manufacturing"
2014,"42",1355,187,2231,72,3586,259,3845,0.0673602080624187,28662230,55690.2446633333,1.6222,28696212,0.00012511238657983,0.000124964228728168,54801.2586455847,0.000117186198652282,FALSE,TRUE,FALSE,FALSE,0,0,0,0,0,0,10.9275602698823,10.9114684406575,"42","2014","Wholesale Trade"
2014,"44-45",2238,155,5027,105,7265,260,7525,0.0345514950166113,77072200,43571.0086291667,1.6222,77136482,9.42622631766058e-05,9.41837093374313e-05,42875.4825512208,8.33535550662007e-05,FALSE,FALSE,FALSE,FALSE,0,0,0,0,0,0,10.6821472684687,10.6660554392439,"44-45","2014","Retail Trade"
2014,"48-49",377,39,848,28,1225,67,1292,0.0518575851393189,24698290,59350.4118,1.6222,25403244,4.95985754479359e-05,4.82221876859507e-05,58402.9983605944,4.63405382399193e-05,FALSE,FALSE,FALSE,FALSE,0,0,0,0,0,0,10.9912143385142,10.9751225092894,"48-49","2014","NAICS 48-49"
2014,"51",5376,219,9421,184,14797,403,15200,0.0265131578947368,13578370,66414.5847666667,1.6222,13556686,0.00108974788579189,0.0010914909440257,65354.405599039,0.000959334751870774,FALSE,TRUE,TRUE,TRUE,0,0,0,0,0,0,11.1036719614454,11.0875801322206,"51","2014","Information Technology"
2014,"52",4070,101,11985,182,16055,283,16338,0.0173215815889338,27993940,73578.930312,1.6222,28095322,0.000573516982604092,0.000571447445948475,72404.3863565245,0.000543343123100707,FALSE,TRUE,TRUE,FALSE,0,0,0,0,0,0,11.2061139907983,11.1900221615735,"52","2014","Finance and Insurance"
2014,"53",345,55,526,26,871,81,952,0.0850840336134454,10055310,56255.7785366667,1.6222,10042336,8.66208998031886e-05,8.67328079841184e-05,55357.7648748666,7.53211205042333e-05,FALSE,FALSE,FALSE,FALSE,0,0,0,0,0,0,10.9376640443311,10.9215722151063,"53","2014","Real Estate and Rental and Leasing"
2014,"54",63113,8204,79869,4159,142982,12363,155345,0.0795841514049374,41133040,59486.16877,1.6222,41218136,0.00347608637727724,0.00346890989927347,58536.5882356414,0.00309263863848671,FALSE,TRUE,TRUE,TRUE,0,0,0,0,0,0,10.9934991068642,10.9774072776394,"54","2014","Professional Services"
2014,"55",359,11,268,9,627,20,647,0.0309119010819165,11015390,60171.60955,1.6222,10870078,5.69203632372526e-05,5.768127882799e-05,59211.08729195,0.000104359876718456,FALSE,FALSE,FALSE,FALSE,0,0,0,0,0,0,11.0049559178982,10.9888640886734,"55","2014","NAICS 55"
2014,"56",945,136,1735,110,2680,246,2926,0.0840738209159262,42890440,54476.6438,1.6222,42503574,6.24847868196269e-05,6.30535210991904e-05,53607.0305504112,5.94632347858559e-05,FALSE,FALSE,FALSE,FALSE,0,0,0,0,0,0,10.9055273346673,10.8894355054425,"56","2014","Administrative and Support Services"
2014,"61",11170,350,13317,245,24487,595,25082,0.0237221912128219,63685180,53615.00954,1.6222,51184228,0.000384500758261184,0.000478409091175508,52759.1505989833,0.000461962618641039,FALSE,TRUE,TRUE,FALSE,0,0,0,0,0,0,10.8895843365895,10.8734925073647,"61","2014","Educational Services"
2014,"62",5360,305,8948,259,14308,564,14872,0.0379236148466918,91655470,51422.66596,1.6222,92019372,0.000156106340407179,0.000155488998555652,50601.8035035652,0.000148455696915645,FALSE,TRUE,FALSE,FALSE,0,0,0,0,0,0,10.8478343262281,10.8317424970033,"62","2014","Healthcare"
2014,"71",246,59,331,24,577,83,660,0.125757575757576,10802380,47262.1247766667,1.6222,10534054,5.34141550287992e-05,5.47747334501988e-05,46507.6772365356,5.27052547860491e-05,FALSE,FALSE,FALSE,FALSE,0,0,0,0,0,0,10.7634645090334,10.7473726798086,"71","2014","NAICS 71"
2014,"72",253,107,571,56,824,163,987,0.165146909827761,62701910,41641.51954,1.6222,62316340,1.31415454489345e-05,1.32228561561863e-05,40976.7939879278,1.34218408847503e-05,FALSE,FALSE,FALSE,FALSE,0,0,0,0,0,0,10.6368530143782,10.6207611851534,"72","2014","Accommodation and Food Services"
2014,"81",521,78,755,32,1276,110,1386,0.0793650793650794,19597350,47905.2952266667,1.6222,19571198,6.51108440682031e-05,6.51978483892504e-05,47140.5807261274,6.09467034159074e-05,FALSE,FALSE,FALSE,FALSE,0,0,0,0,0,0,10.7769813248187,10.7608894955939,"81","2014","Other Services"
2014,"99",1,0,0,0,1,0,1,0,47327770,56784.79239,1.6222,47511100,2.1129243993537e-08,2.10477130607374e-08,55878.3340549604,2.10477130607374e-08,FALSE,FALSE,FALSE,FALSE,0,0,0,0,0,0,10.9470238292479,10.9309320000231,"99","2014","Unclassified Industries"
2015,"11",82,15,131,7,213,22,235,0.0936170212765957,2054260,45925.97441,0.1186,2028730,0.000103686972437763,0.000104991792895062,45871.5707271176,0.000130327840570209,FALSE,TRUE,FALSE,FALSE,0,0,0,0,0,0,10.7347861272779,10.7336008300204,"11","2015","NAICS 11"
2015,"21",374,10,848,19,1222,29,1251,0.0231814548361311,4036240,69879.92209,0.1186,3852506,0.000302757021386241,0.000317196131556966,69797.142678783,0.00035675479804574,FALSE,TRUE,FALSE,FALSE,0,0,0,0,0,0,11.1545336493361,11.1533483520785,"21","2015","NAICS 21"
2015,"22",209,9,447,10,656,19,675,0.0281481481481481,2762060,72934.22857,0.1186,2741150,0.000237503892022621,0.000239315615708735,72847.8310423837,0.000288054283786002,FALSE,TRUE,FALSE,FALSE,0,0,0,0,0,0,11.1973133355123,11.1961280382547,"22","2015","NAICS 22"
2015,"23",517,34,661,35,1178,69,1247,0.0553327987169206,31929560,55740.93567,0.1186,30492796,3.68937122841655e-05,3.86320755892638e-05,55674.9052323944,3.91895843201784e-05,FALSE,FALSE,FALSE,FALSE,0,0,0,0,0,0,10.9284700872244,10.9272847899669,"23","2015","Construction"
2015,"31-33",8544,183,16168,287,24712,470,25182,0.0186641251687713,61044500,56772.2432419048,0.1186,60255010,0.000404819435002334,0.000410123573126948,56704.9911224336,0.000447040005470085,FALSE,TRUE,TRUE,FALSE,0,0,0,0,0,0,10.94680280995,10.9456175126924,"31-33","2015","Manufacturing"
2015,"42",1169,117,1936,74,3105,191,3296,0.0579490291262136,29146600,56352.5571233333,0.1186,28696212,0.000106530435796971,0.000108202434523414,56285.8021619692,0.000117186198652282,FALSE,TRUE,FALSE,FALSE,0,0,0,0,0,0,10.9393828977344,10.9381976004768,"42","2015","Wholesale Trade"
2015,"44-45",2210,116,4365,100,6575,216,6791,0.0318068031217788,78418600,44087.5717075,0.1186,77136482,8.38449041426396e-05,8.52385256563814e-05,44035.3457873962,8.33535550662007e-05,FALSE,FALSE,FALSE,FALSE,0,0,0,0,0,0,10.6939332010244,10.6927479037668,"44-45","2015","Retail Trade"
2015,"48-49",335,27,675,21,1010,48,1058,0.0453686200378072,25927560,60663.9236809091,0.1186,25403244,3.89546875988331e-05,3.97587016839267e-05,60592.0614959749,4.63405382399193e-05,FALSE,FALSE,FALSE,FALSE,0,0,0,0,0,0,11.0131044623177,11.0119191650601,"48-49","2015","NAICS 48-49"
2015,"51",5292,141,8589,162,13881,303,14184,0.0213620981387479,13647200,68109.8815416667,0.1186,13556686,0.00101713171932704,0.00102392280827335,68029.1989117573,0.000959334751870774,FALSE,TRUE,TRUE,TRUE,0,0,0,0,0,0,11.128877585013,11.1276922877554,"51","2015","Information Technology"
2015,"52",4170,112,11756,131,15926,243,16169,0.0150287587358526,28178820,74219.87972,0.1186,28095322,0.000565176256493352,0.000566855934237023,74131.9592163694,0.000543343123100707,FALSE,TRUE,TRUE,FALSE,0,0,0,0,0,0,11.2147873140258,11.2136020167683,"52","2015","Finance and Insurance"
2015,"53",276,36,412,22,688,58,746,0.0777479892761394,10276050,57073.0980466667,0.1186,10042336,6.69517956802468e-05,6.85099562492233e-05,57005.4895360769,7.53211205042333e-05,FALSE,FALSE,FALSE,FALSE,0,0,0,0,0,0,10.9520881470875,10.9509028498299,"53","2015","Real Estate and Rental and Leasing"
2015,"54",47539,5815,71574,3974,119113,9789,128902,0.0759414128562784,42385380,61281.61606,0.1186,41218136,0.00281023786975603,0.00288982015101314,61209.0221597186,0.00309263863848671,FALSE,TRUE,TRUE,TRUE,0,0,0,0,0,0,11.023235175803,11.0220498785455,"54","2015","Professional Services"
2015,"55",397,7,1157,12,1554,19,1573,0.0120788302606484,11273340,61891.64743,0.1186,10870078,0.000137847346039417,0.000142961255659803,61818.330889565,0.000104359876718456,FALSE,FALSE,FALSE,FALSE,0,0,0,0,0,0,11.0331405130574,11.0319552157999,"55","2015","NAICS 55"
2015,"56",808,105,1411,83,2219,188,2407,0.0781055255504778,44213140,54935.98996,0.1186,42503574,5.01886995585475e-05,5.22073743727998e-05,54870.9130571143,5.94632347858559e-05,FALSE,FALSE,FALSE,FALSE,0,0,0,0,0,0,10.9139239675424,10.9127386702848,"56","2015","Administrative and Support Services"
2015,"61",11569,377,9100,210,20669,587,21256,0.0276157320286037,63843750,54510.84681,0.1186,51184228,0.00032374351443955,0.000403815800445403,54446.2735295939,0.000461962618641039,FALSE,TRUE,TRUE,FALSE,0,0,0,0,0,0,10.9061549848854,10.9049696876278,"61","2015","Educational Services"
2015,"62",4934,302,6365,189,11299,491,11790,0.0416454622561493,93542570,52040.9343325,0.1186,92019372,0.000120789924843844,0.000122789362222555,51979.2868982387,0.000148455696915645,FALSE,TRUE,FALSE,FALSE,0,0,0,0,0,0,10.8597858865871,10.8586005893295,"62","2015","Healthcare"
2015,"71",184,40,245,14,429,54,483,0.111801242236025,10950050,49056.36261,0.1186,10534054,3.91779032972452e-05,4.07250617853297e-05,48998.250684688,5.27052547860491e-05,FALSE,FALSE,FALSE,FALSE,0,0,0,0,0,0,10.8007251734006,10.799539876143,"71","2015","NAICS 71"
2015,"72",235,79,446,37,681,116,797,0.145545796737767,64561410,41689.42838,0.1186,62316340,1.05480967655446e-05,1.09281129154889e-05,41640.0432886597,1.34218408847503e-05,FALSE,FALSE,FALSE,FALSE,0,0,0,0,0,0,10.6380028595791,10.6368175623215,"72","2015","Accommodation and Food Services"
2015,"81",468,64,561,28,1029,92,1121,0.0820695807314897,19863250,50066.9648533333,0.1186,19571198,5.18042112947277e-05,5.25772617496384e-05,50007.6557735859,6.09467034159074e-05,FALSE,FALSE,FALSE,FALSE,0,0,0,0,0,0,10.8211166854186,10.819931388161,"81","2015","Other Services"
2015,"99",0,0,1,1,1,1,2,0.5,47694430,58390.17467,0.1186,47511100,2.09668089124873e-08,2.10477130607374e-08,58321.0059569351,2.10477130607374e-08,FALSE,FALSE,FALSE,FALSE,0,0,0,0,0,0,10.97490291271,10.9737176154524,"99","2015","Unclassified Industries"
2016,"11",80,11,123,10,203,21,224,0.09375,2077880,48306.03975,1.2616,2028730,9.76957283384989e-05,0.000100062600740365,47704.2035184117,0.000130327840570209,FALSE,TRUE,FALSE,FALSE,0,0,0,0,0,0,10.7853118784068,10.7727747970695,"11","2016","NAICS 11"
2016,"21",176,11,734,43,910,54,964,0.0560165975103734,3210200,70742.24755,1.2616,3852506,0.00028347143480157,0.000236209885201996,69860.8826544317,0.00035675479804574,FALSE,TRUE,FALSE,FALSE,0,0,0,0,0,0,11.1667982342367,11.1542611528993,"21","2016","NAICS 21"
2016,"22",212,5,548,22,760,27,787,0.0343074968233799,2741990,74645.57034,1.2616,2741150,0.000277170959777388,0.000277255896247925,73715.5746502129,0.000288054283786002,FALSE,TRUE,FALSE,FALSE,0,0,0,0,0,0,11.2205064621578,11.2079693808204,"22","2016","NAICS 22"
2016,"23",495,51,793,51,1288,102,1390,0.0733812949640288,33405570,57155.18103,1.2616,30492796,3.85564443294936e-05,4.2239485024594e-05,56443.0949441842,3.91895843201784e-05,FALSE,FALSE,FALSE,FALSE,0,0,0,0,0,0,10.9535253218068,10.9409882404694,"23","2016","Construction"
2016,"31-33",8696,231,17851,535,26547,766,27313,0.0280452531761432,60933970,57979.0575114286,1.2616,60255010,0.000435668314406562,0.000440577472313091,57256.7068972133,0.000447040005470085,FALSE,TRUE,TRUE,FALSE,0,0,0,0,0,0,10.9678371469353,10.9553000655979,"31-33","2016","Manufacturing"
2016,"42",1180,203,2828,105,4008,308,4316,0.0713623725671918,29152860,56971.8831733333,1.2616,28696212,0.000137482223013454,0.000139670002437952,56262.0807624345,0.000117186198652282,FALSE,FALSE,FALSE,FALSE,0,0,0,0,0,0,10.9503131474544,10.937776066117,"42","2016","Wholesale Trade"
2016,"44-45",1507,128,4895,163,6402,291,6693,0.0434782608695652,79735020,45727.9681066667,1.2616,77136482,8.02909436781981e-05,8.29957477189587e-05,45158.2516044252,8.33535550662007e-05,FALSE,FALSE,FALSE,FALSE,0,0,0,0,0,0,10.7304653832719,10.7179283019345,"44-45","2016","Retail Trade"
2016,"48-49",356,51,877,30,1233,81,1314,0.0616438356164384,27059130,61572.2385790909,1.2616,25403244,4.55668752099569e-05,4.85371080953283e-05,60805.1211704051,4.63405382399193e-05,FALSE,FALSE,FALSE,FALSE,0,0,0,0,0,0,11.0279663755209,11.0154292941835,"48-49","2016","NAICS 48-49"
2016,"51",4310,237,10671,368,14981,605,15586,0.0388168869498268,13760860,69053.1222116667,1.2616,13556686,0.00108866742340232,0.00110506358264844,68192.8018238569,0.000959334751870774,FALSE,TRUE,TRUE,TRUE,0,0,0,0,0,0,11.1426313744939,11.1300942931565,"51","2016","Information Technology"
2016,"52",4380,164,14382,295,18762,459,19221,0.0238801311066022,28840150,77342.186184,1.2616,28095322,0.000650551401431685,0.000667798005660871,76378.5938440633,0.000543343123100707,FALSE,TRUE,TRUE,FALSE,0,0,0,0,0,0,11.2559948319456,11.2434577506083,"52","2016","Finance and Insurance"
2016,"53",287,49,542,32,829,81,910,0.089010989010989,10505780,58985.2288733333,1.2616,10042336,7.89089434577918e-05,8.25505141433228e-05,58250.3425517011,7.53211205042333e-05,FALSE,FALSE,FALSE,FALSE,0,0,0,0,0,0,10.9850423334639,10.9725052521266,"53","2016","Real Estate and Rental and Leasing"
2016,"54",47180,8849,98593,9086,145773,17935,163708,0.109554817113397,43677460,62292.79843,1.2616,41218136,0.00333748803158425,0.00353662281089082,61516.7036961691,0.00309263863848671,FALSE,TRUE,TRUE,TRUE,0,0,0,0,0,0,11.0396011030698,11.0270640217325,"54","2016","Professional Services"
2016,"55",361,11,602,19,963,30,993,0.0302114803625378,11483980,63249.07098,1.2616,10870078,8.38559454126531e-05,8.85918205922717e-05,62461.0622190445,0.000104359876718456,FALSE,FALSE,FALSE,FALSE,0,0,0,0,0,0,11.0548357184187,11.0422986370813,"55","2016","NAICS 55"
2016,"56",1031,198,1849,140,2880,338,3218,0.105034182722188,44965700,55939.869185,1.2616,42503574,6.40488194334793e-05,6.77590077483837e-05,55242.9244501371,5.94632347858559e-05,FALSE,FALSE,FALSE,FALSE,0,0,0,0,0,0,10.9320326282656,10.9194955469282,"56","2016","Administrative and Support Services"
2016,"61",12203,440,11433,413,23636,853,24489,0.0348319653722079,64871310,55630.34612,1.2616,51184228,0.000364352130394777,0.00046178287577181,54937.2576771451,0.000461962618641039,FALSE,TRUE,TRUE,FALSE,0,0,0,0,0,0,10.9264841248727,10.9139470435353,"61","2016","Educational Services"
2016,"62",5269,376,8439,286,13708,662,14370,0.0460681976339596,96074300,53423.5344425,1.2616,92019372,0.000142681237334022,0.000148968632387537,52757.9402680779,0.000148455696915645,FALSE,TRUE,FALSE,FALSE,0,0,0,0,0,0,10.8860066477568,10.8734695664194,"62","2016","Healthcare"
2016,"71",173,45,280,23,453,68,521,0.130518234165067,11469150,50048.39695,1.2616,10534054,3.94972600410667e-05,4.30033869201734e-05,49424.8530044953,5.27052547860491e-05,FALSE,FALSE,FALSE,FALSE,0,0,0,0,0,0,10.8207457552594,10.808208673922,"71","2016","NAICS 71"
2016,"72",227,77,568,44,795,121,916,0.132096069868996,66646460,41765.246665,1.2616,62316340,1.19286155633773e-05,1.27574886458351e-05,41244.900994059,1.34218408847503e-05,FALSE,FALSE,FALSE,FALSE,0,0,0,0,0,0,10.6398198531944,10.627282771857,"72","2016","Accommodation and Food Services"
2016,"81",448,77,685,34,1133,111,1244,0.0892282958199357,20175250,51029.3263766667,1.2616,19571198,5.61579162587824e-05,5.78911929663171e-05,50393.5612084607,6.09467034159074e-05,FALSE,FALSE,FALSE,FALSE,0,0,0,0,0,0,10.8401557734353,10.8276186920979,"81","2016","Other Services"
2017,"11",72,10,136,4,208,14,222,0.0630630630630631,2084690,49808.530725,2.1301,2028730,9.97750265027414e-05,0.000102527196817714,48769.6876092357,0.000130327840570209,TRUE,TRUE,FALSE,FALSE,1,0,0,0.000130327840570209,0.0630630630630631,0,10.8159415480414,10.7948642432958,"11","2017","NAICS 11"
2017,"21",223,5,675,38,898,43,941,0.0456960680127524,2912420,70728.9552766667,2.1301,3852506,0.000308334649535438,0.000233095029572958,69253.780498273,0.00035675479804574,TRUE,TRUE,FALSE,FALSE,1,0,0,0.00035675479804574,0.0456960680127524,0,11.166610319338,11.1455330145923,"21","2017","NAICS 21"
2017,"22",158,7,556,7,714,14,728,0.0192307692307692,2754120,75766.26923,2.1301,2741150,0.000259247963051719,0.00026047461831713,74186.0325506388,0.000288054283786002,TRUE,TRUE,FALSE,FALSE,1,0,0,0.000288054283786002,0.0192307692307692,0,11.2354084756242,11.2143311708786,"22","2017","NAICS 22"
2017,"23",486,53,698,31,1184,84,1268,0.0662460567823344,34477520,58495.95027,2.1301,30492796,3.43412171177045e-05,3.88288433766454e-05,57275.9159836326,3.91895843201784e-05,TRUE,FALSE,FALSE,FALSE,0,0,0,3.91895843201784e-05,0,0,10.9767128046699,10.9556354999242,"23","2017","Construction"
2017,"31-33",9448,339,17462,440,26910,779,27689,0.0281339159955217,60665200,59149.1507171429,2.1301,60255010,0.000443582152535556,0.000446601867628932,57915.4928049056,0.000447040005470085,TRUE,TRUE,TRUE,FALSE,1,1,0,0.000447040005470085,0.0281339159955217,0.0281339159955217,10.9878175111825,10.9667402064368,"31-33","2017","Manufacturing"
2017,"42",870,164,2602,108,3472,272,3744,0.0726495726495727,29179110,57741.3636266667,2.1301,28696212,0.000118989235792319,0.000120991578958226,56537.0675507678,0.000117186198652282,TRUE,FALSE,FALSE,FALSE,0,0,0,0.000117186198652282,0,0,10.9637290696105,10.9426517648648,"42","2017","Wholesale Trade"
2017,"44-45",1758,140,5131,139,6889,279,7168,0.0389229910714286,79786960,46882.84115,2.1301,77136482,8.63424298907992e-05,8.93092324329751e-05,45905.0183540406,8.33535550662007e-05,TRUE,FALSE,FALSE,FALSE,0,0,0,8.33535550662007e-05,0,0,10.75540702715,10.7343297224043,"44-45","2017","Retail Trade"
2017,"48-49",285,49,947,27,1232,76,1308,0.0581039755351682,28258230,62827.6609981818,2.1301,25403244,4.3597918199406e-05,4.84977430441561e-05,61517.2813873499,4.63405382399193e-05,TRUE,FALSE,FALSE,FALSE,0,0,0,4.63405382399193e-05,0,0,11.048150717236,11.0270734124903,"48-49","2017","NAICS 48-49"
2017,"51",4686,275,11989,335,16675,610,17285,0.0352907144923344,13953710,70464.0014266667,2.1301,13556686,0.00119502268572301,0.00123002037518609,68994.3527193909,0.000959334751870774,TRUE,TRUE,TRUE,TRUE,1,1,1,0.000959334751870774,0.0352907144923344,0.0352907144923344,11.1628572403291,11.1417799355834,"51","2017","Information Technology"
2017,"52",4016,205,13972,259,17988,464,18452,0.0251463256015608,29245780,78868.117834,2.1301,28095322,0.000615063096282609,0.000640248935392162,77223.186733392,0.000543343123100707,TRUE,TRUE,TRUE,FALSE,1,1,0,0.000543343123100707,0.0251463256015608,0.0251463256015608,11.2755323419511,11.2544550372054,"52","2017","Finance and Insurance"
2017,"53",248,53,532,32,780,85,865,0.0982658959537572,10696670,60286.96637,2.1301,10042336,7.29198900218479e-05,7.76711713290613e-05,59029.5773430164,7.53211205042333e-05,TRUE,FALSE,FALSE,FALSE,0,0,0,7.53211205042333e-05,0,0,11.0068712129178,10.9857939081721,"53","2017","Real Estate and Rental and Leasing"
2017,"54",42468,12052,99591,12898,142059,24950,167009,0.149393146477136,44224340,62987.42409,2.1301,41218136,0.00321223561504818,0.00344651684394462,61673.7123433738,0.00309263863848671,TRUE,TRUE,TRUE,TRUE,1,1,1,0.00309263863848671,0.149393146477136,0.149393146477136,11.0506903678284,11.0296130630827,"54","2017","Professional Services"
2017,"55",319,15,375,14,694,29,723,0.0401106500691563,11597920,64416.55135,2.1301,10870078,5.9838315835943e-05,6.38449880488438e-05,63073.0326808649,0.000104359876718456,TRUE,FALSE,FALSE,FALSE,0,0,0,0.000104359876718456,0,0,11.0731258876118,11.0520485828661,"55","2017","NAICS 55"
2017,"56",1087,164,2038,135,3125,299,3424,0.0873247663551402,44897940,56809.551205,2.1301,42503574,6.96023024664383e-05,7.35232288936455e-05,55624.6896899151,5.94632347858559e-05,TRUE,FALSE,FALSE,FALSE,0,0,0,5.94632347858559e-05,0,0,10.9474597455904,10.9263824408447,"56","2017","Administrative and Support Services"
2017,"61",10813,409,13178,407,23991,816,24807,0.0328939412262668,65124350,56542.67364,2.1301,51184228,0.00036838755396407,0.000468718606051849,55363.3783184389,0.000461962618641039,TRUE,TRUE,TRUE,FALSE,1,1,0,0.000461962618641039,0.0328939412262668,0.0328939412262668,10.9427509177136,10.9216736129679,"61","2017","Educational Services"
2017,"62",5227,320,9258,346,14485,666,15151,0.0439574945548149,100753060,54765.89548,2.1301,92019372,0.000143767345627021,0.000157412506575246,53623.6579421738,0.000148455696915645,TRUE,TRUE,FALSE,FALSE,1,0,0,0.000148455696915645,0.0439574945548149,0,10.9108229339434,10.8897456291978,"62","2017","Healthcare"
2017,"71",157,32,238,15,395,47,442,0.106334841628959,11714700,50280.8929666667,2.1301,10534054,3.37183197179612e-05,3.7497434510968e-05,49232.1979187983,5.27052547860491e-05,TRUE,FALSE,FALSE,FALSE,0,0,0,5.27052547860491e-05,0,0,10.8253804224245,10.8043031176788,"71","2017","NAICS 71"
2017,"72",197,66,532,37,729,103,832,0.123798076923077,68045560,43432.197495,2.1301,62316340,1.07134102504263e-05,1.16983763808979e-05,42526.3438447627,1.34218408847503e-05,TRUE,FALSE,FALSE,FALSE,0,0,0,1.34218408847503e-05,0,0,10.6789563227982,10.6578790180525,"72","2017","Accommodation and Food Services"
2017,"81",323,73,608,24,931,97,1028,0.0943579766536965,20644450,52379.1545433333,2.1301,19571198,4.50968662279693e-05,4.75699034877681e-05,51286.6966186593,6.09467034159074e-05,TRUE,FALSE,FALSE,FALSE,0,0,0,6.09467034159074e-05,0,0,10.8662639771016,10.8451866723559,"81","2017","Other Services"
2018,"11",97,51,165,57,262,108,370,0.291891891891892,2099210,51076.107405,2.4426,2028730,0.000124808856665126,0.000129144834453081,49858.2693186233,0.000130327840570209,TRUE,TRUE,FALSE,FALSE,1,0,0,0.000130327840570209,0.291891891891892,0,10.8410721013891,10.8169396456573,"11","2018","NAICS 11"
2018,"21",360,24,1210,64,1570,88,1658,0.0530759951749095,3218560,71687.35991,2.4426,3852506,0.000487795784450189,0.000407526944799048,69978.0754393192,0.00035675479804574,TRUE,TRUE,FALSE,FALSE,1,0,0,0.00035675479804574,0.0530759951749095,0,11.1800697196937,11.1559372639619,"21","2018","NAICS 21"
2018,"22",382,44,1060,28,1442,72,1514,0.047556142668428,2762990,77752.35632,2.4426,2741150,0.000521898378206219,0.000526056582091458,75898.4605232589,0.000288054283786002,TRUE,TRUE,FALSE,FALSE,1,0,0,0.000288054283786002,0.047556142668428,0,11.2612841359488,11.237151680217,"22","2018","NAICS 22"
2018,"23",1554,318,1499,124,3053,442,3495,0.126466380543634,35752920,59181.5853433333,2.4426,30492796,8.53916267538428e-05,0.000100122009146029,57770.4835130437,3.91895843201784e-05,TRUE,FALSE,FALSE,FALSE,0,0,0,3.91895843201784e-05,0,0,10.9883657140938,10.964233258362,"23","2018","Construction"
2018,"31-33",20343,1701,39851,1610,60194,3311,63505,0.0521376269585072,61875420,60517.0249961905,2.4426,60255010,0.000972825719809255,0.00099898747008755,59074.0814819133,0.000447040005470085,TRUE,TRUE,TRUE,FALSE,1,1,0,0.000447040005470085,0.0521376269585072,0.0521376269585072,11.0106800093277,10.9865475535959,"31-33","2018","Manufacturing"
2018,"42",2265,742,6166,351,8431,1093,9524,0.114762704745905,28944330,59171.88121,2.4426,28696212,0.000291283301427257,0.000293801843950693,57761.0107611482,0.000117186198652282,TRUE,FALSE,FALSE,FALSE,0,0,0,0.000117186198652282,0,0,10.9882017284728,10.964069272741,"42","2018","Wholesale Trade"
2018,"44-45",4912,808,12733,697,17645,1505,19150,0.0785900783289817,78995730,48259.6783441667,2.4426,77136482,0.000223366503480631,0.000228750385582791,47108.9940553702,8.33535550662007e-05,TRUE,FALSE,FALSE,FALSE,0,0,0,8.33535550662007e-05,0,0,10.784351674096,10.7602192183642,"44-45","2018","Retail Trade"
2018,"48-49",957,238,2460,152,3417,390,3807,0.102442868400315,29918000,63870.58928,2.4426,25403244,0.000114212179958553,0.000134510379855423,62347.6847327186,4.63405382399193e-05,TRUE,FALSE,FALSE,FALSE,0,0,0,4.63405382399193e-05,0,0,11.0646142727539,11.0404818170221,"48-49","2018","NAICS 48-49"
2018,"51",10090,1265,28644,1413,38734,2678,41412,0.0646672462088284,13915530,71902.365645,2.4426,13556686,0.00278350878478937,0.00285718795876809,70187.9546643681,0.000959334751870774,TRUE,TRUE,TRUE,TRUE,1,1,1,0.000959334751870774,0.0646672462088284,0.0646672462088284,11.1830644450455,11.1589319893137,"51","2018","Information Technology"
2018,"52",11488,1423,38196,1633,49684,3056,52740,0.0579446340538491,29342450,81376.35735,2.4426,28095322,0.00169324647396519,0.00176840827807562,79436.0523356494,0.000543343123100707,TRUE,TRUE,TRUE,FALSE,1,1,0,0.000543343123100707,0.0579446340538491,0.0579446340538491,11.3068400595561,11.2827076038243,"52","2018","Finance and Insurance"
2018,"53",685,291,1402,109,2087,400,2487,0.160836349014877,10910670,61967.4459166667,2.4426,10042336,0.000191280645459903,0.000207820172517629,60489.9191514728,7.53211205042333e-05,TRUE,FALSE,FALSE,FALSE,0,0,0,7.53211205042333e-05,0,0,11.0343644602717,11.0102320045399,"53","2018","Real Estate and Rental and Leasing"
2018,"54",79033,43211,200379,40464,279412,83675,363087,0.230454408998394,45562600,63928.94072,2.4426,41218136,0.00613248585462638,0.00677886064522665,62404.6448645388,0.00309263863848671,TRUE,TRUE,TRUE,TRUE,1,1,1,0.00309263863848671,0.230454408998394,0.230454408998394,11.0655274442507,11.0413949885189,"54","2018","Professional Services"
2018,"55",829,62,785,142,1614,204,1818,0.112211221122112,11813680,66170.54359,2.4426,10870078,0.000136621272964902,0.000148480995260568,64592.7998606049,0.000104359876718456,TRUE,FALSE,FALSE,FALSE,0,0,0,0.000104359876718456,0,0,11.0999906820245,11.0758582262927,"55","2018","NAICS 55"
2018,"56",2075,893,4517,552,6592,1445,8037,0.179793455269379,42742310,57756.83903,2.4426,42503574,0.000154226573154329,0.000155092839957412,56379.7082756588,5.94632347858559e-05,TRUE,FALSE,FALSE,FALSE,0,0,0,5.94632347858559e-05,0,0,10.9639970461343,10.9398645904025,"56","2018","Administrative and Support Services"
2018,"61",21532,1098,18747,770,40279,1868,42147,0.0443210667425914,65684760,58556.63826,2.4426,51184228,0.000613216825333609,0.000786941633661057,57160.4374156845,0.000461962618641039,TRUE,TRUE,TRUE,FALSE,1,1,0,0.000461962618641039,0.0443210667425914,0.0443210667425914,10.9777497402251,10.9536172844933,"61","2018","Educational Services"
2018,"62",10075,901,15239,643,25314,1544,26858,0.0574875269938193,103049170,55586.512725,2.4426,92019372,0.000245649722360694,0.000275094248632777,54261.13035495,0.000148455696915645,TRUE,TRUE,FALSE,FALSE,1,0,0,0.000148455696915645,0.0574875269938193,0,10.9256958739237,10.9015634181918,"62","2018","Healthcare"
2018,"71",278,123,489,53,767,176,943,0.186638388123012,11984380,51791.7040366667,2.4426,10534054,6.3999973298577e-05,7.28114741010441e-05,50556.8035530792,5.27052547860491e-05,TRUE,FALSE,FALSE,FALSE,0,0,0,5.27052547860491e-05,0,0,10.8549852616893,10.8308528059575,"71","2018","NAICS 71"
2018,"72",410,296,963,137,1373,433,1806,0.239756367663344,69328240,44197.65509,2.4426,62316340,1.98043394726305e-05,2.20327445418008e-05,43143.8240439036,1.34218408847503e-05,TRUE,FALSE,FALSE,FALSE,0,0,0,1.34218408847503e-05,0,0,10.696427014396,10.6722945586642,"72","2018","Accommodation and Food Services"
2018,"81",748,211,1250,62,1998,273,2271,0.120211360634082,20815350,52413.2133333333,2.4426,19571198,9.59868558539732e-05,0.000102088793951193,51163.4938329692,6.09467034159074e-05,TRUE,FALSE,FALSE,FALSE,0,0,0,6.09467034159074e-05,0,0,10.8669140013713,10.8427815456395,"81","2018","Other Services"
2019,"11",264,111,210,28,474,139,613,0.226753670473083,2142570,52496.199445,1.8122,2028730,0.0002212296447724,0.000233643708132674,51561.7965676019,0.000130327840570209,TRUE,TRUE,FALSE,FALSE,1,0,0,0.000130327840570209,0.226753670473083,0,10.8684960544355,10.8505363006587,"11","2019","NAICS 11"
2019,"21",728,74,923,82,1651,156,1807,0.0863309352517986,3336330,72944.0479666667,1.8122,3852506,0.000494855125242407,0.00042855222029505,71645.6848655335,0.00035675479804574,TRUE,TRUE,FALSE,FALSE,1,0,0,0.00035675479804574,0.0863309352517986,0,11.1974479600351,11.1794882062582,"21","2019","NAICS 21"
2019,"22",597,69,1250,64,1847,133,1980,0.0671717171717172,2710300,79298.28185,1.8122,2741150,0.000681474375530384,0.000673804789960418,77886.8169531746,0.000288054283786002,TRUE,TRUE,FALSE,FALSE,1,0,0,0.000288054283786002,0.0671717171717172,0,11.2809717409317,11.2630119871549,"22","2019","NAICS 22"
2019,"23",2348,292,1877,132,4225,424,4649,0.0912024091202409,37021930,60049.6619433333,1.8122,30492796,0.000114121549038637,0.000138557316947911,58980.811674174,3.91895843201784e-05,TRUE,FALSE,FALSE,FALSE,0,0,0,3.91895843201784e-05,0,0,11.0029271979058,10.984967444129,"23","2019","Construction"
2019,"31-33",29162,2413,39934,1872,69096,4285,73381,0.0583938621714068,63050630,61286.0201747619,1.8122,60255010,0.00109588119896661,0.00114672622243362,60195.1634232066,0.000447040005470085,TRUE,TRUE,TRUE,FALSE,1,1,0,0.000447040005470085,0.0583938621714068,0.0583938621714068,11.023307040039,11.0053472862621,"31-33","2019","Manufacturing"
2019,"42",3311,858,6383,373,9694,1231,10925,0.112677345537757,28543880,63952.4983466667,1.8122,28696212,0.000339617459154116,0.000337814621665048,62814.1797806812,0.000117186198652282,TRUE,FALSE,FALSE,FALSE,0,0,0,0.000117186198652282,0,0,11.0658958734318,11.047936119655,"42","2019","Wholesale Trade"
2019,"44-45",6748,1101,13664,933,20412,2034,22446,0.0906174819566961,77902000,48553.6679733333,1.8122,77136482,0.000262021514210161,0.000264621868547233,47689.4399426919,8.33535550662007e-05,TRUE,FALSE,FALSE,FALSE,0,0,0,8.33535550662007e-05,0,0,10.7904250212948,10.772465267518,"44-45","2019","Retail Trade"
2019,"48-49",1258,279,2335,126,3593,405,3998,0.101300650325163,31081970,65838.8883227273,1.8122,25403244,0.000115597563474902,0.000141438628861731,64666.993074236,4.63405382399193e-05,TRUE,FALSE,FALSE,FALSE,0,0,0,4.63405382399193e-05,0,0,11.0949659506812,11.0770061969043,"48-49","2019","NAICS 48-49"
2019,"51",14473,2287,25486,1486,39959,3773,43732,0.0862754962041526,13922070,74208.7794983333,1.8122,13556686,0.002870190998896,0.00294754927568581,72887.9048859894,0.000959334751870774,TRUE,TRUE,TRUE,TRUE,1,1,1,0.000959334751870774,0.0862754962041526,0.0862754962041526,11.2146377442359,11.1966779904591,"51","2019","Information Technology"
2019,"52",16735,1970,37784,1452,54519,3422,57941,0.0590600783555686,29206890,82319.913566,1.8122,28095322,0.00186664858874053,0.00194050098446994,80854.6653210519,0.000543343123100707,TRUE,TRUE,TRUE,FALSE,1,1,0,0.000543343123100707,0.0590600783555686,0.0590600783555686,11.3183683205317,11.3004085667548,"52","2019","Finance and Insurance"
2019,"53",1293,319,1639,91,2932,410,3342,0.122681029323758,11165610,63188.3938766667,1.8122,10042336,0.000262592012438192,0.000291963941457446,62063.6759412592,7.53211205042333e-05,TRUE,FALSE,FALSE,FALSE,0,0,0,7.53211205042333e-05,0,0,11.0538759220789,11.035916168302,"53","2019","Real Estate and Rental and Leasing"
2019,"54",115843,53055,200152,42399,315995,95454,411449,0.231994730817185,46462340,65003.04217,1.8122,41218136,0.00680109955718976,0.00766640684576323,63846.0245137616,0.00309263863848671,TRUE,TRUE,TRUE,TRUE,1,1,1,0.00309263863848671,0.231994730817185,0.231994730817185,11.082189350398,11.0642295966211,"54","2019","Professional Services"
2019,"55",1176,151,1188,106,2364,257,2621,0.0980541777947348,12070050,68394.35345,1.8122,10870078,0.000195856686592019,0.000217477740270125,67176.9723569474,0.000104359876718456,TRUE,FALSE,FALSE,FALSE,0,0,0,0.000104359876718456,0,0,11.1330455483025,11.1150857945256,"55","2019","NAICS 55"
2019,"56",3088,1110,4878,670,7966,1780,9746,0.182639031397496,45795520,58446.214395,1.8122,42503574,0.000173947145921697,0.00018741953323737,57405.9045919841,5.94632347858559e-05,TRUE,FALSE,FALSE,FALSE,0,0,0,5.94632347858559e-05,0,0,10.9758621982502,10.9579024444733,"56","2019","Administrative and Support Services"
2019,"61",25216,1076,24780,1022,49996,2098,52094,0.0402733520175068,65681920,59818.06389,1.8122,51184228,0.00076118359512024,0.00097678527065017,58753.3359361648,0.000461962618641039,TRUE,TRUE,TRUE,FALSE,1,1,0,0.000461962618641039,0.0402733520175068,0.0402733520175068,10.9990629660634,10.9811032122865,"61","2019","Educational Services"
2019,"62",12277,773,18198,676,30475,1449,31924,0.0453890489913545,102494760,56746.3397375,1.8122,92019372,0.000297332273376707,0.000331180264955514,55736.286749034,0.000148455696915645,TRUE,TRUE,FALSE,FALSE,1,0,0,0.000148455696915645,0.0453890489913545,0,10.9463464352459,10.9283866814691,"62","2019","Healthcare"
2019,"71",352,147,436,51,788,198,986,0.200811359026369,11914160,52706.46486,1.8122,10534054,6.61397866068611e-05,7.48050085940323e-05,51768.3193762634,5.27052547860491e-05,TRUE,FALSE,FALSE,FALSE,0,0,0,5.27052547860491e-05,0,0,10.872493399871,10.8545336460942,"71","2019","NAICS 71"
2019,"72",504,221,1133,142,1637,363,2000,0.1815,70255080,45363.081525,1.8122,62316340,2.33008061481106e-05,2.62691936015498e-05,44555.6441418612,1.34218408847503e-05,TRUE,FALSE,FALSE,FALSE,0,0,0,1.34218408847503e-05,0,0,10.7224538709487,10.7044941171718,"72","2019","Accommodation and Food Services"
2019,"81",886,271,1245,97,2131,368,2499,0.147258903561425,20759610,53807.5367766667,1.8122,19571198,0.000102651254045717,0.000108884494449446,52849.7928309836,6.09467034159074e-05,TRUE,FALSE,FALSE,FALSE,0,0,0,6.09467034159074e-05,0,0,10.893168825124,10.8752090713472,"81","2019","Other Services"
2020,"11",60,14,108,17,168,31,199,0.155778894472362,2137470,52764.667015,1.2336,2028730,7.85975943522014e-05,8.28104281989225e-05,52121.6938002798,0.000130327840570209,TRUE,TRUE,FALSE,FALSE,1,0,0,0.000130327840570209,0.155778894472362,0,10.8735970603679,10.8613365287974,"11","2020","NAICS 11"
2020,"21",285,19,498,33,783,52,835,0.0622754491017964,2795260,75415.1381266667,1.2336,3852506,0.000280117055300759,0.000203244329794684,74496.1535761513,0.00035675479804574,TRUE,TRUE,FALSE,FALSE,1,0,0,0.00035675479804574,0.0622754491017964,0,11.230763304755,11.2185027731845,"21","2020","NAICS 21"
2020,"22",201,10,721,31,922,41,963,0.0425752855659398,2674010,82374.28283,1.2336,2741150,0.000344800505607683,0.000336355179395509,81370.4963865752,0.000288054283786002,TRUE,TRUE,FALSE,FALSE,1,0,0,0.000288054283786002,0.0425752855659398,0,11.3190285656061,11.3067680340356,"22","2020","NAICS 22"
2020,"23",1111,92,1149,66,2260,158,2418,0.065343258891646,36140440,61555.2642766667,1.2336,30492796,6.25338263728942e-05,7.41158665804212e-05,60805.1716788365,3.91895843201784e-05,TRUE,FALSE,FALSE,FALSE,0,0,0,3.91895843201784e-05,0,0,11.0276906564145,11.015430124844,"23","2020","Construction"
2020,"31-33",11612,460,23328,657,34940,1117,36057,0.0309787281249133,60100470,63280.4250566667,1.2336,60255010,0.000581359846270753,0.000579868794312705,62509.3102059659,0.000447040005470085,TRUE,TRUE,TRUE,FALSE,1,1,0,0.000447040005470085,0.0309787281249133,0.0309787281249133,11.0553313194965,11.043070787926,"31-33","2020","Manufacturing"
2020,"42",1295,177,3028,119,4323,296,4619,0.0640831348776792,28032570,62572.8014366667,1.2336,28696212,0.000154213473827052,0.000150647061012792,61810.3094591783,0.000117186198652282,TRUE,FALSE,FALSE,FALSE,0,0,0,0.000117186198652282,0,0,11.0440859808312,11.0318254492607,"42","2020","Wholesale Trade"
2020,"44-45",3408,306,9024,348,12432,654,13086,0.0499770747363595,72420940,49958.2219691667,1.2336,77136482,0.000171663057673651,0.000161168874670743,49349.4471886475,8.33535550662007e-05,TRUE,FALSE,FALSE,FALSE,0,0,0,8.33535550662007e-05,0,0,10.8189423745183,10.8066818429478,"44-45","2020","Retail Trade"
2020,"48-49",496,53,1363,54,1859,107,1966,0.0544252288911495,31502230,67831.0732990909,1.2336,25403244,5.90116953625188e-05,7.31796301291284e-05,67004.5057165713,4.63405382399193e-05,TRUE,FALSE,FALSE,FALSE,0,0,0,4.63405382399193e-05,0,0,11.1247756771835,11.112515145613,"48-49","2020","NAICS 48-49"
2020,"51",5529,425,15421,561,20950,986,21936,0.0449489423778264,13555220,77231.157405,1.2336,13556686,0.00154553006148185,0.00154536293014384,76290.0434292567,0.000959334751870774,TRUE,TRUE,TRUE,TRUE,1,1,1,0.000959334751870774,0.0449489423778264,0.0449489423778264,11.25455824792,11.2422977163495,"51","2020","Information Technology"
2020,"52",6623,287,22221,419,28844,706,29550,0.0238917089678511,29174450,84111.605266,1.2336,28095322,0.000988673308322865,0.00102664778143493,83086.6483716869,0.000543343123100707,TRUE,TRUE,TRUE,FALSE,1,1,0,0.000543343123100707,0.0238917089678511,0.0238917089678511,11.3398998300912,11.3276392985207,"52","2020","Finance and Insurance"
2020,"53",488,71,812,51,1300,122,1422,0.0857946554149086,10770550,64010.0229733333,1.2336,10042336,0.000120699500025533,0.000129451952215102,63230.0174777281,7.53211205042333e-05,TRUE,FALSE,FALSE,FALSE,0,0,0,7.53211205042333e-05,0,0,11.0667949590382,11.0545344274677,"53","2020","Real Estate and Rental and Leasing"
2020,"54",53033,11865,116518,14742,169551,26607,196158,0.135640657021381,46383060,67335.34068,1.2336,41218136,0.00365545093402635,0.00411350479313281,66514.8139352942,0.00309263863848671,TRUE,TRUE,TRUE,TRUE,1,1,1,0.00309263863848671,0.135640657021381,0.135640657021381,11.1174404993501,11.1051799677796,"54","2020","Professional Services"
2020,"55",458,20,479,37,937,57,994,0.0573440643863179,11846390,70153.43716,1.2336,10870078,7.90958258169788e-05,8.61999334319404e-05,69298.5700004742,0.000104359876718456,TRUE,FALSE,FALSE,FALSE,0,0,0,0.000104359876718456,0,0,11.1584400816218,11.1461795500513,"55","2020","NAICS 55"
2020,"56",1216,357,2697,256,3913,613,4526,0.135439681838268,42632800,60937.930765,1.2336,42503574,9.17837908840142e-05,9.20628462914672e-05,60195.3607942422,5.94632347858559e-05,TRUE,FALSE,FALSE,FALSE,0,0,0,5.94632347858559e-05,0,0,11.0176110966793,11.0053505651088,"56","2020","Administrative and Support Services"
2020,"61",11595,256,13089,335,24684,591,25275,0.0233827893175074,63038990,61399.98033,1.2336,51184228,0.000391567187228095,0.00048225793304922,60651.7799722622,0.000461962618641039,TRUE,TRUE,TRUE,FALSE,1,1,0,0.000461962618641039,0.0233827893175074,0.0233827893175074,11.0251647937769,11.0129042622064,"61","2020","Educational Services"
2020,"62",5785,213,9992,287,15777,500,16277,0.0307181913128955,100734580,58364.8665225,1.2336,92019372,0.000156619504444253,0.000171453028390587,57653.6510827433,0.000148455696915645,TRUE,TRUE,FALSE,FALSE,1,0,0,0.000148455696915645,0.0307181913128955,0,10.9744693871399,10.9622088555694,"62","2020","Healthcare"
2020,"71",163,37,245,19,408,56,464,0.120689655172414,8895330,54536.3797833333,1.2336,10534054,4.58667637962841e-05,3.87315272923416e-05,53871.8170482264,5.27052547860491e-05,TRUE,FALSE,FALSE,FALSE,0,0,0,5.27052547860491e-05,0,0,10.9066232769199,10.8943627453494,"71","2020","NAICS 71"
2020,"72",200,69,657,36,857,105,962,0.109147609147609,57110220,46130.77701,1.2336,62316340,1.50060707172902e-05,1.37524122886549e-05,45568.6422393356,1.34218408847503e-05,TRUE,FALSE,FALSE,FALSE,0,0,0,1.34218408847503e-05,0,0,10.7392356203294,10.7269750887589,"72","2020","Accommodation and Food Services"
2020,"81",352,68,627,48,979,116,1095,0.105936073059361,18332600,55380.6107966667,1.2336,19571198,5.34021360854434e-05,5.00224871262352e-05,54705.7605347105,6.09467034159074e-05,TRUE,FALSE,FALSE,FALSE,0,0,0,6.09467034159074e-05,0,0,10.9219848258564,10.9097242942859,"81","2020","Other Services"
