year,naics_2digit,initial_approvals,initial_denials,continuing_approvals,continuing_denials,total_approvals,total_denials,total_applications,denial_rate,total_employment,AVG_WAGE,inflation_rate,pre_period_employment,h1b_dependency_current,h1b_dependency_preperiod,real_wage,avg_preperiod_dependency,post_treatment,high_dependency_median,high_dependency_top25,high_dependency_top10,did_median,did_top25,did_top10,did_continuous,triple_int_median,triple_int_top25,log_wage,log_real_wage,naics_factor,year_factor,industry_category,unemployment_total,unemployment_rate,offshoring_value,union_total_employed,union_members,union_pct,represented,represented_pct,h1b_unemployment_ratio,offshoring_per_employee,union_h1b_ratio,log_unemployment,log_offshoring,log_union,high_unemployment,high_union,high_offshoring,did_unemployment,did_union,did_offshoring
2012,11,135,15,152,5,287,20,307,0.0651465798045603,1962510,43353.08548,2.0693,2028730,1.4624129303799e-4,1.4146781483982e-4,42474.1675312753,1.303278405702e-4,FALSE,TRUE,FALSE,FALSE,0,0,0,0,0,0,10.677133155685,10.6566513473198,11,2012,"Agriculture, Forestry, Fishing and Hunting",188,12.4,54.9,NA,NA,NA,NA,NA,0.0011793652664354032,2.797437974838345e-5,NA,5.241747015059643,4.023564380161053,NA,TRUE,FALSE,TRUE,0,0,0
2012,21,810,20,778,18,1588,38,1626,0.023370233702337002,3903550,65534.86033,2.0693,3852506,4.0680918650971e-4,4.121992282426e-4,64206.2405934007,3.5675479804574e-4,FALSE,TRUE,FALSE,FALSE,0,0,0,0,0,0,11.0903374988238,11.0698556904586,21,2012,"Mining, Quarrying, and Oil and Gas Extraction",59,6,231.7,NA,NA,NA,NA,NA,0.006780153108495167,5.9356227024119067e-5,NA,4.0943445622221,5.449750070308246,NA,TRUE,FALSE,TRUE,0,0,0
2012,22,291,6,512,10,803,16,819,0.0195360195360195,2760390,68529.39453,2.0693,2741150,2.9090092342024e-4,2.9294274300932e-4,67140.0651616108,2.88054283786e-4,FALSE,TRUE,FALSE,FALSE,0,0,0,0,0,0,11.1350180494321,11.1145362410669,22,2012,Utilities,38,4.3,39.5,NA,NA,NA,NA,NA,0.00676513775395907,1.4309572198131424e-5,NA,3.6635616461296463,3.7013019741124933,NA,FALSE,FALSE,FALSE,0,0,0
2012,23,533,32,552,21,1085,53,1138,0.046572934973638,28029300,52109.96364,2.0693,30492796,3.8709493280246e-5,3.55821748848482e-5,51053.5132895004,3.91895843201784e-5,FALSE,FALSE,FALSE,FALSE,0,0,0,0,0,0,10.8611114501483,10.8406296417831,23,2012,Construction,1129,13.9,56.1,NA,NA,NA,NA,NA,2.784855631672374e-4,2.001477025826546e-6,NA,7.029972911706386,4.044804116661965,NA,TRUE,FALSE,FALSE,0,0,0
2012,31-33,12706,386,14563,281,27269,667,27936,0.0238760022909507,59217830,54009.4365752381,2.0693,60255010,4.6048630961316e-4,4.5255987842338e-4,52914.4772965408,4.4704000547008e-4,FALSE,TRUE,TRUE,FALSE,0,0,0,0,0,0,10.8969140616725,10.8764322533073,31-33,2012,Manufacturing,1122,7.3,4765.5,NA,NA,NA,NA,NA,0.0063080316385364385,8.047407343362633e-5,NA,7.023758954738443,8.469367561933632,NA,TRUE,FALSE,TRUE,0,0,0
2012,42,1319,182,1313,39,2632,221,2853,0.0774623203645286,28082190,54052.9572533333,2.0693,28696212,9.37248839923097e-5,9.17194227586554e-5,52957.1156590016,1.1718619865228e-4,FALSE,FALSE,FALSE,FALSE,0,0,0,0,0,0,10.8977195348608,10.8772377264956,42,2012,Wholesale Trade,225,6,807.4,NA,NA,NA,NA,NA,0.0015620813998718285,2.87513188964251e-5,NA,5.420534999272286,6.695056985529466,NA,TRUE,FALSE,TRUE,0,0,0
2012,44-45,2254,202,3162,74,5416,276,5692,0.0484891075193254,74757040,42442.43224,2.0693,77136482,7.24480262995967e-5,7.02132098790816e-5,41581.9764023071,8.33535550662007e-5,FALSE,FALSE,FALSE,FALSE,0,0,0,0,0,0,10.6559039011706,10.6354220928054,44-45,2012,Retail Trade,1438,8.6,1352,NA,NA,NA,NA,NA,8.424189104604268e-4,1.8085253241701383e-5,NA,7.271703706887368,7.210079628170788,NA,TRUE,FALSE,FALSE,0,0,0
2012,48-49,478,74,699,22,1177,96,1273,0.0754124116260801,24967640,57333.8187290909,2.0693,25403244,4.71410193354278e-5,4.63326652296848e-5,56171.4626524243,4.63405382399193e-5,FALSE,FALSE,FALSE,FALSE,0,0,0,0,0,0,10.9566459332967,10.9361641249315,48-49,2012,Transportation and Warehousing,372,7.4,312,NA,NA,NA,NA,NA,6.370408018301053e-4,1.2496175048983404e-5,NA,5.921578419643816,5.746203190540153,NA,TRUE,FALSE,FALSE,0,0,0
2012,51,4648,171,5417,143,10065,314,10379,0.0302533962809519,13383090,63438.1609133333,2.0693,13556686,7.520684684927e-4,7.4243808553211e-4,62152.0485722282,9.5933475187077e-4,FALSE,TRUE,TRUE,TRUE,0,0,0,0,0,0,11.0578208665022,11.037339058137,51,2012,Information Technology,218,7.6,469.5,NA,NA,NA,NA,NA,0.009895637743325,3.5081584297796695e-5,NA,5.389071729816501,6.153795959025435,NA,TRUE,FALSE,TRUE,0,0,0
2012,52,4596,138,7664,107,12260,245,12505,0.0195921631347461,27614380,69404.025176,2.0693,28095322,4.4397158292165e-4,4.363715781581e-4,67996.963999949,5.433431231007e-4,FALSE,TRUE,TRUE,FALSE,0,0,0,0,0,0,11.1477001444672,11.127218336102,52,2012,Finance and Insurance,302,4.5,665.8,NA,NA,NA,NA,NA,0.009866035176036667,2.411062642000291e-5,NA,5.713732805509369,6.502490150876639,NA,FALSE,FALSE,TRUE,0,0,0
2012,53,319,67,362,17,681,84,765,0.109803921568627,9618790,54007.2502433333,2.0693,10042336,7.07989258524201e-5,6.78129072757574e-5,52912.335289194,7.53211205042333e-5,FALSE,FALSE,FALSE,FALSE,0,0,0,0,0,0,10.8968735802993,10.8763917719341,53,2012,Real Estate and Rental and Leasing,164,6.6,96.5,NA,NA,NA,NA,NA,0.0010727109977639409,1.0032446908602849e-5,NA,5.10594547390058,4.579852378003801,NA,TRUE,FALSE,FALSE,0,0,0
2012,54,51660,4305,54546,2485,106206,6790,112996,0.0600906226769089,38823410,57784.63074,2.0693,41218136,0.00273561750500536,0.00257668129388481,56613.1351346585,0.00309263863848671,FALSE,TRUE,TRUE,TRUE,0,0,0,0,0,0,10.9644781151494,10.9439963067842,54,2012,Professional Services,487,5.4,1107.1,NA,NA,NA,NA,NA,0.05065958342602518,2.8516299830437353e-5,NA,6.1903154058531475,7.01040211594228,NA,TRUE,FALSE,TRUE,0,0,0
2012,55-56,1444,156,2009,65,3453,221,3674,0.1023441966838194,49426710,110282.977915,2.0693,53373652,1.7273138863802172e-4,1.5895166437861048e-4,108047.1580729955,1.638231115043059e-4,FALSE,FALSE,FALSE,FALSE,0,0,0,0,0,0,11.61080486799223,11.590323059627034,55-56,2012,Management of Companies and Enterprises and Administrative and Support and Waste Management and Remediation Services,871,13.7,881.9,NA,NA,NA,NA,NA,0.0012608130557519835,1.7842579447428322e-5,NA,6.77078942390898,6.783211943907537,NA,TRUE,FALSE,FALSE,0,0,0
2012,61,11243,365,11352,281,22595,646,23241,0.0277957058646358,0,52559.00469,2.0693,51184228,Inf,4.4144457937316e-4,51493.4507143676,4.6196261864103e-4,FALSE,TRUE,TRUE,FALSE,0,0,0,0,0,0,10.8696917163354,10.8492099079702,61,2012,Educational Services,295,6.5,71.3,NA,NA,NA,NA,NA,Inf,NA,NA,5.69035945432406,4.280824129164719,NA,TRUE,FALSE,FALSE,0,0,0
2012,62,5961,570,7207,233,13168,803,13971,0.057476200701453,88574070,49349.057715,2.0693,92019372,1.4866653412223e-4,1.4310030283623e-4,48348.5805379286,1.4845569691564e-4,FALSE,TRUE,FALSE,FALSE,0,0,0,0,0,0,10.8066739507584,10.7861921423932,62,2012,Healthcare,938,5.3,34.1,NA,NA,NA,NA,NA,0.0028050289457024528,3.8498851864885517e-7,NA,6.844815479208263,3.55820113047182,NA,TRUE,FALSE,FALSE,0,0,0
2012,71,419,70,289,12,708,82,790,0.10379746835443,9610080,45756.2334233333,2.0693,10534054,7.36726437240897e-5,6.72105914778869e-5,44828.5953007744,5.27052547860491e-5,FALSE,FALSE,FALSE,FALSE,0,0,0,0,0,0,10.7310833111129,10.7106015027477,71,2012,"Arts, Entertainment, and Recreation",243,9.7,68.7,NA,NA,NA,NA,NA,7.595117909699969e-4,7.1487438189900606e-6,NA,5.497168225293202,4.244200317766478,NA,TRUE,FALSE,FALSE,0,0,0
2012,72,391,183,573,51,964,234,1198,0.195325542570952,57796870,38896.653265,2.0693,62316340,1.66791039030314e-5,1.54694579302956e-5,38108.0827094925,1.34218408847503e-5,FALSE,FALSE,FALSE,FALSE,0,0,0,0,0,0,10.5686634915866,10.5481816832214,72,2012,Accommodation and Food Services,1160,10.6,1042.4,NA,NA,NA,NA,NA,1.5735003682105093e-4,1.8035578743277968e-5,NA,7.057036981697891,6.950239890588293,NA,TRUE,FALSE,FALSE,0,0,0
2012,81,730,115,585,22,1315,137,1452,0.0943526170798898,19010620,45644.7937233333,2.0693,19571198,6.91718628850611e-5,6.71905725955049e-5,44719.4148713995,6.09467034159074e-5,FALSE,FALSE,FALSE,FALSE,0,0,0,0,0,0,10.7286448318375,10.7081630234724,81,2012,Other Services,470,7.2,46.9,NA,NA,NA,NA,NA,9.607203178480706e-4,2.4670421059386806e-6,NA,6.154858094016418,3.8691155044168695,NA,TRUE,FALSE,FALSE,0,0,0
2013,11,123,17,197,7,320,24,344,0.0697674418604651,2010140,42942.421575,1.4648,2028730,1.5919289203737e-4,1.5773414895032e-4,42322.4818607044,1.303278405702e-4,FALSE,TRUE,FALSE,FALSE,0,0,0,0,0,0,10.6676154642302,10.6530737099143,11,2013,"Agriculture, Forestry, Fishing and Hunting",141,10.1,56.2,NA,NA,NA,NA,NA,0.0015761672478947525,2.79582516640632e-5,NA,4.955827057601261,4.046553898385752,NA,TRUE,FALSE,TRUE,0,0,0
2013,21,675,10,869,12,1544,22,1566,0.0140485312899106,4020950,68053.4962966667,1.4648,3852506,3.8398885835436e-4,4.0077809093613e-4,67071.039707038,3.5675479804574e-4,FALSE,TRUE,FALSE,FALSE,0,0,0,0,0,0,11.128049385109,11.1135076307932,21,2013,"Mining, Quarrying, and Oil and Gas Extraction",64,5.8,241.7,NA,NA,NA,NA,NA,0.006620497557833793,6.011017296907447e-5,NA,4.174387269895637,5.491826112732555,NA,TRUE,FALSE,TRUE,0,0,0
2013,22,240,9,627,9,867,18,885,0.0203389830508475,2710870,69904.14397,1.4648,2741150,3.1982352528892e-4,3.1629060795651e-4,68894.9704429516,2.88054283786e-4,FALSE,TRUE,FALSE,FALSE,0,0,0,0,0,0,11.1548802107279,11.140338456412,22,2013,Utilities,37,4.1,31.7,NA,NA,NA,NA,NA,0.0078005737875346355,1.1693662920021985e-5,NA,3.6375861597263857,3.487375077903208,NA,FALSE,FALSE,FALSE,0,0,0
2013,23,486,30,722,16,1208,46,1254,0.036682615629984,28931050,53357.2394233333,1.4648,30492796,4.17544472115599e-5,3.9615914526172e-5,52586.9458406594,3.91895843201784e-5,FALSE,FALSE,FALSE,FALSE,0,0,0,0,0,0,10.8847649443062,10.8702231899903,23,2013,Construction,935,11.3,70.1,NA,NA,NA,NA,NA,3.695083824031849e-4,2.423002276101282e-6,NA,6.841615476477592,4.264087336809195,NA,TRUE,FALSE,FALSE,0,0,0
2013,31-33,10505,366,16865,311,27370,677,28047,0.0241380539808179,59786740,55106.9755790476,1.4648,60255010,4.5779381849553e-4,4.542360875884e-4,54311.4218714743,4.4704000547008e-4,FALSE,TRUE,TRUE,FALSE,0,0,0,0,0,0,10.9170315856589,10.902489831343,31-33,2013,Manufacturing,1019,6.6,4887.2,NA,NA,NA,NA,NA,0.006936269977204999,8.174387832485932e-5,NA,6.927557906278317,8.494579416544651,NA,TRUE,FALSE,TRUE,0,0,0
2013,42,1378,176,2105,66,3483,242,3725,0.0649664429530201,28437180,54795.2919066667,1.4648,28696212,1.2248049912122e-4,1.2137490481322e-4,54004.2378309194,1.1718619865228e-4,FALSE,FALSE,FALSE,FALSE,0,0,0,0,0,0,10.9113595551334,10.8968178008175,42,2013,Wholesale Trade,199,5.4,849.5,NA,NA,NA,NA,NA,0.0022681573911337034,2.987286362431155e-5,NA,5.298317366548036,6.745824411835916,NA,TRUE,FALSE,TRUE,0,0,0
2013,44-45,2212,180,4278,74,6490,254,6744,0.0376631079478055,75699550,42715.0814408333,1.4648,77136482,8.57336668447831e-5,8.41365827391506e-5,42098.4237300358,8.33535550662007e-5,FALSE,FALSE,FALSE,FALSE,0,0,0,0,0,0,10.6623073321936,10.6477655778778,44-45,2013,Retail Trade,1264,7.7,1389.9,NA,NA,NA,NA,NA,0.001113424244737443,1.8360743227667802e-5,NA,7.142827401161621,7.237706298613085,NA,TRUE,FALSE,TRUE,0,0,0
2013,48-49,413,64,828,18,1241,82,1323,0.0619803476946334,24363600,58218.82638,1.4648,25403244,5.09366431890197e-5,4.88520285047059e-5,57378.3483336093,4.63405382399193e-5,FALSE,FALSE,FALSE,FALSE,0,0,0,0,0,0,10.9719640587316,10.9574223044158,48-49,2013,Transportation and Warehousing,369,7.1,305.4,NA,NA,NA,NA,NA,7.174175097045028e-4,1.2535093335960201e-5,NA,5.91350300563827,5.724891437866436,NA,TRUE,FALSE,FALSE,0,0,0
2013,51,4012,168,7291,150,11303,318,11621,0.0273642543670941,13413910,64946.175515,1.4648,13556686,8.4263275957569e-4,8.3375833887426e-4,64008.5778664128,9.5933475187077e-4,FALSE,TRUE,TRUE,TRUE,0,0,0,0,0,0,11.0813141368393,11.0667723825234,51,2013,Information Technology,175,6.2,479.7,NA,NA,NA,NA,NA,0.013590850960898225,3.5761385010038084e-5,NA,5.170483995038151,6.175243374899915,NA,TRUE,FALSE,TRUE,0,0,0
2013,52,3890,139,9434,120,13324,259,13583,0.0190679525877936,27849320,71700.281638,1.4648,28095322,4.7843178935787e-4,4.7424265149906e-4,70665.1781090585,5.433431231007e-4,FALSE,TRUE,TRUE,FALSE,0,0,0,0,0,0,11.1802499545856,11.1657082002697,52,2013,Finance and Insurance,274,4,680.5,NA,NA,NA,NA,NA,0.01196079473394675,2.4435066996249818e-5,NA,5.616771097666572,6.524296251136588,NA,FALSE,FALSE,TRUE,0,0,0
2013,53,250,51,463,13,713,64,777,0.0823680823680824,9755750,55121.8907133333,1.4648,10042336,7.30851036568178e-5,7.09994168687445e-5,54326.1216829219,7.53211205042333e-5,FALSE,FALSE,FALSE,FALSE,0,0,0,0,0,0,10.9173022068651,10.9027604525492,53,2013,Real Estate and Rental and Leasing,150,6,93,NA,NA,NA,NA,NA,0.0012180850609469634,9.532839607411014e-6,NA,5.017279836814924,4.543294782270004,NA,TRUE,FALSE,FALSE,0,0,0
2013,54,56240,6712,67050,2686,123290,9398,132688,0.0708278065838659,40071390,58191.90058,1.4648,41218136,0.00307675875481235,0.00299115903737132,57351.8112488272,0.00309263863848671,FALSE,TRUE,TRUE,TRUE,0,0,0,0,0,0,10.971501458743,10.9569597044272,54,2013,Professional Services,444,4.9,1126.5,NA,NA,NA,NA,NA,0.0627909949961704,2.8112326525234088e-5,NA,6.09807428216624,7.027758071376834,NA,FALSE,FALSE,TRUE,0,0,0
2013,55-56,1373,173,2560,99,3933,272,4205,0.1073481116584564,51599560,112523.36299500002,1.4648,53373652,1.931285976672854e-4,1.8790963484250508e-4,110898.9156781465,1.638231115043059e-4,FALSE,FALSE,FALSE,FALSE,0,0,0,0,0,0,11.630916150132627,11.616374395816775,55-56,2013,Management of Companies and Enterprises and Administrative and Support and Waste Management and Remediation Services,840,13.1,876.1,NA,NA,NA,NA,NA,0.0014742641043304229,1.6978826951237568e-5,NA,6.734591659972948,6.776621010957336,NA,TRUE,FALSE,FALSE,0,0,0
2013,61,12083,457,14756,354,26839,811,27650,0.0293309222423146,63520900,52987.06717,1.4648,51184228,4.2252235091127e-4,5.2436074643931e-4,52222.1175915194,4.6196261864103e-4,FALSE,TRUE,TRUE,FALSE,0,0,0,0,0,0,10.8778031470972,10.8632613927814,61,2013,Educational Services,274,6,56.2,NA,NA,NA,NA,NA,0.0070420391818545,8.847481695001174e-7,NA,5.616771097666572,4.046553898385752,NA,TRUE,FALSE,FALSE,0,0,0
2013,62,5985,437,9836,284,15821,721,16542,0.0435860234554467,90250450,50390.4784325,1.4648,92019372,1.7530106498083e-4,1.7193118857624e-4,49663.0145947166,1.4845569691564e-4,FALSE,TRUE,FALSE,FALSE,0,0,0,0,0,0,10.8275575162218,10.8130157619059,62,2013,Healthcare,825,4.6,44.8,NA,NA,NA,NA,NA,0.0038108927169745654,4.963964168599713e-7,NA,6.716594773520978,3.824284091120139,NA,FALSE,FALSE,FALSE,0,0,0
2013,71,270,54,339,10,609,64,673,0.0950965824665676,9838610,46964.4051466667,1.4648,10534054,6.18989877635154e-5,5.78125002966569e-5,46286.4019311788,5.27052547860491e-5,FALSE,FALSE,FALSE,FALSE,0,0,0,0,0,0,10.7571452564625,10.7426035021466,71,2013,"Arts, Entertainment, and Recreation",246,9.3,72.7,NA,NA,NA,NA,NA,6.65580513586187e-4,7.389255189503396e-6,NA,5.5093883366279774,4.300002799195291,NA,TRUE,FALSE,FALSE,0,0,0
2013,72,316,106,602,42,918,148,1066,0.138836772983114,59875050,40666.025125,1.4648,62316340,1.53319287416044e-5,1.47312887759454e-5,40078.948684667,1.34218408847503e-5,FALSE,FALSE,FALSE,FALSE,0,0,0,0,0,0,10.6131482593081,10.5986065049922,72,2013,Accommodation and Food Services,1133,10.1,1073.6,NA,NA,NA,NA,NA,1.5180127466935052e-4,1.7930673961858902e-5,NA,7.033506484287697,6.979703778294721,NA,TRUE,FALSE,FALSE,0,0,0
2013,81,539,86,672,35,1211,121,1332,0.0908408408408408,19209520,46568.76942,1.4648,19571198,6.30416585109883e-5,6.18766413788262e-5,45896.4778129952,6.09467034159074e-5,FALSE,FALSE,FALSE,FALSE,0,0,0,0,0,0,10.7486854113198,10.734143657004,81,2013,Other Services,445,6.9,61.7,NA,NA,NA,NA,NA,9.136472247969318e-4,3.2119490752501885e-6,NA,6.100318952020064,4.138361447638875,NA,TRUE,FALSE,FALSE,0,0,0
2014,11,95,10,204,14,299,24,323,0.0743034055727554,2038860,44479.0387,1.6222,2028730,1.4665057924526e-4,1.4738284542546e-4,43769.0176949525,1.303278405702e-4,FALSE,TRUE,FALSE,FALSE,0,0,0,0,0,0,10.7027733167305,10.6866814875057,11,2014,"Agriculture, Forestry, Fishing and Hunting",146,9.4,76.2,NA,NA,NA,NA,NA,0.0015601125451623404,3.7373826550130954e-5,NA,4.990432586778736,4.3463994570307305,NA,TRUE,FALSE,TRUE,0,0,0
2014,21,480,18,1128,21,1608,39,1647,0.0236794171220401,4091590,68981.8200333333,1.6222,3852506,3.9300125379131e-4,4.1739065429099e-4,67880.6599673431,3.5675479804574e-4,FALSE,TRUE,FALSE,FALSE,0,0,0,0,0,0,11.1415982710853,11.1255064418605,21,2014,"Mining, Quarrying, and Oil and Gas Extraction",52,4.7,270.1,NA,NA,NA,NA,NA,0.008361728804070425,6.601345687128965e-5,NA,3.970291913552122,5.60248775650462,NA,FALSE,FALSE,TRUE,0,0,0
2014,22,219,7,643,8,862,15,877,0.0171037628278221,2730440,71696.62264,1.6222,2741150,3.157000336942e-4,3.1446655600751e-4,70552.1260511975,2.88054283786e-4,FALSE,TRUE,FALSE,FALSE,0,0,0,0,0,0,11.1801989214337,11.1641070922089,22,2014,Utilities,20,2.1,33.8,NA,NA,NA,NA,NA,0.015033334937819047,1.2378957237661328e-5,NA,3.044522437723423,3.5496173867804286,NA,FALSE,FALSE,FALSE,0,0,0
2014,23,500,48,716,21,1216,69,1285,0.0536964980544747,30168500,54104.3490633333,1.6222,30492796,4.03069426719923e-5,3.98782715760142e-5,53240.6787722893,3.91895843201784e-5,FALSE,FALSE,FALSE,FALSE,0,0,0,0,0,0,10.8986698509443,10.8825780217195,23,2014,Construction,762,8.9,77.3,NA,NA,NA,NA,NA,4.528869963145202e-4,2.562275220842932e-6,NA,6.637258031284457,4.360547602996758,NA,TRUE,FALSE,FALSE,0,0,0
2014,31-33,9709,289,19075,309,28784,598,29382,0.0203525968279899,60292010,55819.2568604762,1.6222,60255010,4.7740985911731e-4,4.7770301589859e-4,54928.2114149036,4.4704000547008e-4,FALSE,TRUE,TRUE,FALSE,0,0,0,0,0,0,10.9298741938608,10.913782364636,31-33,2014,Manufacturing,754,4.9,5439.2,NA,NA,NA,NA,NA,0.009743058349332857,9.021427549023494e-5,NA,6.626717749249025,8.601571103880065,NA,FALSE,FALSE,TRUE,0,0,0
2014,42,1355,187,2231,72,3586,259,3845,0.0673602080624187,28662230,55690.2446633333,1.6222,28696212,1.2511238657983e-4,1.2496422872816e-4,54801.2586455847,1.1718619865228e-4,FALSE,TRUE,FALSE,FALSE,0,0,0,0,0,0,10.9275602698823,10.9114684406575,42,2014,Wholesale Trade,161,4.4,971.4,NA,NA,NA,NA,NA,0.0028434633313597726,3.389129178015807e-5,NA,5.087596335232384,6.879767242441968,NA,FALSE,FALSE,TRUE,0,0,0
2014,44-45,2238,155,5027,105,7265,260,7525,0.0345514950166113,77072200,43571.0086291667,1.6222,77136482,9.42622631766058e-5,9.41837093374313e-5,42875.4825512208,8.33535550662007e-5,FALSE,FALSE,FALSE,FALSE,0,0,0,0,0,0,10.6821472684687,10.6660554392439,44-45,2014,Retail Trade,1099,6.5,1489.6,NA,NA,NA,NA,NA,0.0014501886642554738,1.9327332034118658e-5,NA,7.003065458786462,7.306934002447593,NA,TRUE,FALSE,TRUE,0,0,0
2014,48-49,377,39,848,28,1225,67,1292,0.0518575851393189,24698290,59350.4118,1.6222,25403244,4.95985754479359e-5,4.82221876859507e-5,58402.9983605944,4.63405382399193e-5,FALSE,FALSE,FALSE,FALSE,0,0,0,0,0,0,10.9912143385142,10.9751225092894,48-49,2014,Transportation and Warehousing,336,6.3,327.9,NA,NA,NA,NA,NA,7.872789753640618e-4,1.3276222766839322e-5,NA,5.820082930352362,5.795753753195012,NA,TRUE,FALSE,FALSE,0,0,0
2014,51,5376,219,9421,184,14797,403,15200,0.0265131578947368,13578370,66414.5847666667,1.6222,13556686,0.00108974788579189,0.0010914909440257,65354.405599039,9.5933475187077e-4,FALSE,TRUE,TRUE,TRUE,0,0,0,0,0,0,11.1036719614454,11.0875801322206,51,2014,Information Technology,153,5.2,603.6,NA,NA,NA,NA,NA,0.020956690111382497,4.445305290693949e-5,NA,5.0369526024136295,6.404567082345357,NA,TRUE,FALSE,TRUE,0,0,0
2014,52,4070,101,11985,182,16055,283,16338,0.0173215815889338,27993940,73578.930312,1.6222,28095322,5.7351698260409e-4,5.7144744594847e-4,72404.3863565245,5.433431231007e-4,FALSE,TRUE,TRUE,FALSE,0,0,0,0,0,0,11.2061139907983,11.1900221615735,52,2014,Finance and Insurance,259,3.8,724.5,NA,NA,NA,NA,NA,0.015092552173791844,2.588060130156741e-5,NA,5.560681631015528,6.5868610723242424,NA,FALSE,FALSE,TRUE,0,0,0
2014,53,345,55,526,26,871,81,952,0.0850840336134454,10055310,56255.7785366667,1.6222,10042336,8.66208998031886e-5,8.67328079841184e-5,55357.7648748666,7.53211205042333e-5,FALSE,FALSE,FALSE,FALSE,0,0,0,0,0,0,10.9376640443311,10.9215722151063,53,2014,Real Estate and Rental and Leasing,114,4.5,148.2,NA,NA,NA,NA,NA,0.0019249088845153023,1.4738481459049993e-5,NA,4.74493212836325,5.005287687769661,NA,FALSE,FALSE,FALSE,0,0,0
2014,54,63113,8204,79869,4159,142982,12363,155345,0.0795841514049374,41133040,59486.16877,1.6222,41218136,0.00347608637727724,0.00346890989927347,58536.5882356414,0.00309263863848671,FALSE,TRUE,TRUE,TRUE,0,0,0,0,0,0,10.9934991068642,10.9774072776394,54,2014,Professional Services,383,4.1,1320.8,NA,NA,NA,NA,NA,0.08478259456773757,3.211043968546939e-5,NA,5.950642552587727,7.186749723036352,NA,FALSE,FALSE,TRUE,0,0,0
2014,55-56,1304,147,2003,119,3307,266,3573,0.11498572199784272,53905830,114648.25335,1.6222,53373652,1.1940515005687948e-4,1.207347999271804e-4,112818.1178423612,1.6382311150430588e-4,FALSE,FALSE,FALSE,FALSE,0,0,0,0,0,0,11.649624053542876,11.633532224318088,55-56,2014,Management of Companies and Enterprises and Administrative and Support and Waste Management and Remediation Services,700,11.2,1109.2,NA,NA,NA,NA,NA,0.0010661174112221383,2.0576624086856654e-5,NA,6.55250788703459,7.012295458256061,NA,TRUE,FALSE,TRUE,0,0,0
2014,61,11170,350,13317,245,24487,595,25082,0.0237221912128219,63685180,53615.00954,1.6222,51184228,3.8450075826118e-4,4.784090911755e-4,52759.1505989833,4.6196261864103e-4,FALSE,TRUE,TRUE,FALSE,0,0,0,0,0,0,10.8895843365895,10.8734925073647,61,2014,Educational Services,230,4.9,89.4,NA,NA,NA,NA,NA,0.007846954250228163,1.4037802829480893e-6,NA,5.442417710521793,4.504244267398131,NA,FALSE,FALSE,FALSE,0,0,0
2014,62,5360,305,8948,259,14308,564,14872,0.0379236148466918,91655470,51422.66596,1.6222,92019372,1.5610634040717e-4,1.5548899855565e-4,50601.8035035652,1.4845569691564e-4,FALSE,TRUE,FALSE,FALSE,0,0,0,0,0,0,10.8478343262281,10.8317424970033,62,2014,Healthcare,705,4,58.3,NA,NA,NA,NA,NA,0.00390265851017925,6.360776939990597e-7,NA,6.559615237493242,4.08260930600368,NA,FALSE,FALSE,FALSE,0,0,0
2014,71,246,59,331,24,577,83,660,0.125757575757576,10802380,47262.1247766667,1.6222,10534054,5.34141550287992e-5,5.47747334501988e-5,46507.6772365356,5.27052547860491e-5,FALSE,FALSE,FALSE,FALSE,0,0,0,0,0,0,10.7634645090334,10.7473726798086,71,2014,"Arts, Entertainment, and Recreation",212,8.4,83.6,NA,NA,NA,NA,NA,6.358827979618952e-4,7.739035286668308e-6,NA,5.3612921657094255,4.437934266612178,NA,TRUE,FALSE,FALSE,0,0,0
2014,72,253,107,571,56,824,163,987,0.165146909827761,62701910,41641.51954,1.6222,62316340,1.31415454489345e-5,1.32228561561863e-5,40976.7939879278,1.34218408847503e-5,FALSE,FALSE,FALSE,FALSE,0,0,0,0,0,0,10.6368530143782,10.6207611851534,72,2014,Accommodation and Food Services,956,8.6,1117.8,NA,NA,NA,NA,NA,1.5280866801086629e-4,1.7827208134489045e-5,NA,6.863803391452954,7.020011961327804,NA,TRUE,FALSE,FALSE,0,0,0
2014,81,521,78,755,32,1276,110,1386,0.0793650793650794,19597350,47905.2952266667,1.6222,19571198,6.51108440682031e-5,6.51978483892504e-5,47140.5807261274,6.09467034159074e-5,FALSE,FALSE,FALSE,FALSE,0,0,0,0,0,0,10.7769813248187,10.7608894955939,81,2014,Other Services,368,5.7,91.3,NA,NA,NA,NA,NA,0.0011422955099684754,4.658793153155911e-6,NA,5.910796644040527,4.525044141508807,NA,TRUE,FALSE,FALSE,0,0,0
2014,99,1,0,0,0,1,0,1,0,47327770,56784.79239,1.6222,47511100,2.1129243993537e-8,2.10477130607374e-8,55878.3340549604,2.10477130607374e-8,FALSE,FALSE,FALSE,FALSE,0,0,0,0,0,0,10.9470238292479,10.9309320000231,99,2014,Unclassified Industries,NA,NA,NA,NA,NA,NA,NA,NA,NA,NA,NA,NA,NA,NA,FALSE,FALSE,FALSE,0,0,0
2015,11,82,15,131,7,213,22,235,0.0936170212765957,2054260,45925.97441,0.1186,2028730,1.0368697243776e-4,1.0499179289506e-4,45871.5707271176,1.303278405702e-4,FALSE,TRUE,FALSE,FALSE,0,0,0,0,0,0,10.7347861272779,10.7336008300204,11,2015,"Agriculture, Forestry, Fishing and Hunting",155,9.4,76.1,NA,NA,NA,NA,NA,0.0011030528982740426,3.704496996485352e-5,NA,5.049856007249537,4.345103280569283,NA,TRUE,FALSE,TRUE,0,0,0
2015,21,374,10,848,19,1222,29,1251,0.0231814548361311,4036240,69879.92209,0.1186,3852506,3.0275702138624e-4,3.1719613155696e-4,69797.142678783,3.5675479804574e-4,FALSE,TRUE,FALSE,FALSE,0,0,0,0,0,0,11.1545336493361,11.1533483520785,21,2015,"Mining, Quarrying, and Oil and Gas Extraction",84,8.6,247.1,NA,NA,NA,NA,NA,0.0035204304812353495,6.1220343686203e-5,NA,4.442651256490317,5.513831890697755,NA,TRUE,FALSE,TRUE,0,0,0
2015,22,209,9,447,10,656,19,675,0.0281481481481481,2762060,72934.22857,0.1186,2741150,2.3750389202262e-4,2.3931561570873e-4,72847.8310423837,2.88054283786e-4,FALSE,TRUE,FALSE,FALSE,0,0,0,0,0,0,11.1973133355123,11.1961280382547,22,2015,Utilities,21,2.2,39.3,NA,NA,NA,NA,NA,0.010795631455573634,1.4228510604403958e-5,NA,3.091042453358316,3.696351468952637,NA,FALSE,FALSE,FALSE,0,0,0
2015,23,517,34,661,35,1178,69,1247,0.0553327987169206,31929560,55740.93567,0.1186,30492796,3.68937122841655e-5,3.86320755892638e-5,55674.9052323944,3.91895843201784e-5,FALSE,FALSE,FALSE,FALSE,0,0,0,0,0,0,10.9284700872244,10.9272847899669,23,2015,Construction,624,7.3,66.3,NA,NA,NA,NA,NA,5.053933189611713e-4,2.0764457762650033e-6,NA,6.437751649736401,4.209160236650682,NA,TRUE,FALSE,FALSE,0,0,0
2015,31-33,8544,183,16168,287,24712,470,25182,0.0186641251687713,61044500,56772.2432419048,0.1186,60255010,4.0481943500233e-4,4.1012357312694e-4,56704.9911224336,4.4704000547008e-4,FALSE,TRUE,TRUE,FALSE,0,0,0,0,0,0,10.94680280995,10.9456175126924,31-33,2015,Manufacturing,677,4.3,5428.3,NA,NA,NA,NA,NA,0.009414405465170465,8.892365405564793e-5,NA,6.519147287940395,8.599565491174099,NA,FALSE,FALSE,TRUE,0,0,0
2015,42,1169,117,1936,74,3105,191,3296,0.0579490291262136,29146600,56352.5571233333,0.1186,28696212,1.0653043579697e-4,1.0820243452341e-4,56285.8021619692,1.1718619865228e-4,FALSE,TRUE,FALSE,FALSE,0,0,0,0,0,0,10.9393828977344,10.9381976004768,42,2015,Wholesale Trade,136,3.8,955.1,NA,NA,NA,NA,NA,0.002803432520972895,3.2768830669786525e-5,NA,4.919980925828125,6.8628625100914,NA,FALSE,FALSE,TRUE,0,0,0
2015,44-45,2210,116,4365,100,6575,216,6791,0.0318068031217788,78418600,44087.5717075,0.1186,77136482,8.38449041426396e-5,8.52385256563814e-5,44035.3457873962,8.33535550662007e-5,FALSE,FALSE,FALSE,FALSE,0,0,0,0,0,0,10.6939332010244,10.6927479037668,44-45,2015,Retail Trade,999,5.9,1454.8,NA,NA,NA,NA,NA,0.0014211000702142305,1.8551721147788918e-5,NA,6.907755278982137,7.283310856684158,NA,TRUE,FALSE,TRUE,0,0,0
2015,48-49,335,27,675,21,1010,48,1058,0.0453686200378072,25927560,60663.9236809091,0.1186,25403244,3.89546875988331e-5,3.97587016839267e-5,60592.0614959749,4.63405382399193e-5,FALSE,FALSE,FALSE,FALSE,0,0,0,0,0,0,11.0131044623177,11.0119191650601,48-49,2015,Transportation and Warehousing,254,4.8,359.2,NA,NA,NA,NA,NA,8.115559916423563e-4,1.385398394604043e-5,NA,5.541263545158426,5.8866594327418555,NA,FALSE,FALSE,FALSE,0,0,0
2015,51,5292,141,8589,162,13881,303,14184,0.0213620981387479,13647200,68109.8815416667,0.1186,13556686,0.00101713171932704,0.00102392280827335,68029.1989117573,9.5933475187077e-4,FALSE,TRUE,TRUE,TRUE,0,0,0,0,0,0,11.128877585013,11.1276922877554,51,2015,Information Technology,108,3.9,629.8,NA,NA,NA,NA,NA,0.02608030049556513,4.614866053109795e-5,NA,4.6913478822291435,6.446988855088883,NA,FALSE,FALSE,TRUE,0,0,0
2015,52,4170,112,11756,131,15926,243,16169,0.0150287587358526,28178820,74219.87972,0.1186,28095322,5.6517625649335e-4,5.6685593423702e-4,74131.9592163694,5.433431231007e-4,FALSE,TRUE,TRUE,FALSE,0,0,0,0,0,0,11.2147873140258,11.2136020167683,52,2015,Finance and Insurance,160,2.3,718.6,NA,NA,NA,NA,NA,0.024572880717102175,2.5501422699743994e-5,NA,5.081404364984463,6.578695502076378,NA,FALSE,FALSE,TRUE,0,0,0
2015,53,276,36,412,22,688,58,746,0.0777479892761394,10276050,57073.0980466667,0.1186,10042336,6.69517956802468e-5,6.85099562492233e-5,57005.4895360769,7.53211205042333e-5,FALSE,FALSE,FALSE,FALSE,0,0,0,0,0,0,10.9520881470875,10.9509028498299,53,2015,Real Estate and Rental and Leasing,86,3.3,163.5,NA,NA,NA,NA,NA,0.002028842293340812,1.591078283970981e-5,NA,4.465908118654584,5.1029105702054265,NA,FALSE,FALSE,FALSE,0,0,0
2015,54,47539,5815,71574,3974,119113,9789,128902,0.0759414128562784,42385380,61281.61606,0.1186,41218136,0.00281023786975603,0.00288982015101314,61209.0221597186,0.00309263863848671,FALSE,TRUE,TRUE,TRUE,0,0,0,0,0,0,11.023235175803,11.0220498785455,54,2015,Professional Services,311,3.2,1377.3,NA,NA,NA,NA,NA,0.08781993342987593,3.2494695104774335e-5,NA,5.7430031878094825,7.228606134700393,NA,FALSE,FALSE,TRUE,0,0,0
2015,55-56,1205,112,2568,95,3773,207,3980,0.0901843558111262,55486480,116827.63739,0.1186,53373652,1.8803604559795747e-4,1.9516863003259975e-4,116689.2439466793,1.6382311150430593e-4,FALSE,FALSE,FALSE,FALSE,0,0,0,0,0,0,11.66845494287554,11.66726964561796,55-56,2015,Management of Companies and Enterprises and Administrative and Support and Waste Management and Remediation Services,583,9.3,1126.1,NA,NA,NA,NA,NA,0.002021892963418897,2.0295034033515912e-5,NA,6.369900982828227,7.027403241248033,NA,TRUE,FALSE,TRUE,0,0,0
2015,61,11569,377,9100,210,20669,587,21256,0.0276157320286037,63843750,54510.84681,0.1186,51184228,3.2374351443955e-4,4.038158004454e-4,54446.2735295939,4.6196261864103e-4,FALSE,TRUE,TRUE,FALSE,0,0,0,0,0,0,10.9061549848854,10.9049696876278,61,2015,Educational Services,213,4.4,72.6,NA,NA,NA,NA,NA,0.007357807146353409,1.137151248164464e-6,NA,5.365976015021851,4.298645025734831,NA,FALSE,FALSE,FALSE,0,0,0
2015,62,4934,302,6365,189,11299,491,11790,0.0416454622561493,93542570,52040.9343325,0.1186,92019372,1.2078992484384e-4,1.2278936222255e-4,51979.2868982387,1.4845569691564e-4,FALSE,TRUE,FALSE,FALSE,0,0,0,0,0,0,10.8597858865871,10.8586005893295,62,2015,Healthcare,610,3.4,56.5,NA,NA,NA,NA,NA,0.003552644848348235,6.040030758188491e-7,NA,6.415096959171596,4.051784947803305,NA,FALSE,FALSE,FALSE,0,0,0
2015,71,184,40,245,14,429,54,483,0.111801242236025,10950050,49056.36261,0.1186,10534054,3.91779032972452e-5,4.07250617853297e-5,48998.250684688,5.27052547860491e-5,FALSE,FALSE,FALSE,FALSE,0,0,0,0,0,0,10.8007251734006,10.799539876143,71,2015,"Arts, Entertainment, and Recreation",191,7.4,80.9,NA,NA,NA,NA,NA,5.294311256384486e-4,7.3880941182916975e-6,NA,5.2574953720277815,4.405498990859024,NA,TRUE,FALSE,FALSE,0,0,0
2015,72,235,79,446,37,681,116,797,0.145545796737767,64561410,41689.42838,0.1186,62316340,1.05480967655446e-5,1.09281129154889e-5,41640.0432886597,1.34218408847503e-5,FALSE,FALSE,FALSE,FALSE,0,0,0,0,0,0,10.6380028595791,10.6368175623215,72,2015,Accommodation and Food Services,902,8,1130.6,NA,NA,NA,NA,NA,1.3185120956930751e-4,1.7512009108846907e-5,NA,6.805722553416985,7.031387839427412,NA,TRUE,FALSE,FALSE,0,0,0
2015,81,468,64,561,28,1029,92,1121,0.0820695807314897,19863250,50066.9648533333,0.1186,19571198,5.18042112947277e-5,5.25772617496384e-5,50007.6557735859,6.09467034159074e-5,FALSE,FALSE,FALSE,FALSE,0,0,0,0,0,0,10.8211166854186,10.819931388161,81,2015,Other Services,340,5.2,73.3,NA,NA,NA,NA,NA,9.962348325909171e-4,3.6902319610335667e-6,NA,5.831882477283517,4.308110951723713,NA,TRUE,FALSE,FALSE,0,0,0
2015,99,0,0,1,1,1,1,2,0.5,47694430,58390.17467,0.1186,47511100,2.09668089124873e-8,2.10477130607374e-8,58321.0059569351,2.10477130607374e-8,FALSE,FALSE,FALSE,FALSE,0,0,0,0,0,0,10.97490291271,10.9737176154524,99,2015,Unclassified Industries,NA,NA,NA,NA,NA,NA,NA,NA,NA,NA,NA,NA,NA,NA,FALSE,FALSE,FALSE,0,0,0
2016,11,80,11,123,10,203,21,224,0.09375,2077880,48306.03975,1.2616,2028730,9.76957283384989e-5,1.0006260074036e-4,47704.2035184117,1.303278405702e-4,FALSE,TRUE,FALSE,FALSE,0,0,0,0,0,0,10.7853118784068,10.7727747970695,11,2016,"Agriculture, Forestry, Fishing and Hunting",139,8.3,80.5,NA,NA,NA,NA,NA,0.0011770569679337218,3.874140951354265e-5,NA,4.941642422609304,4.400603020246817,NA,TRUE,FALSE,TRUE,0,0,0
2016,21,176,11,734,43,910,54,964,0.0560165975103734,3210200,70742.24755,1.2616,3852506,2.8347143480157e-4,2.3620988520199e-4,69860.8826544317,3.5675479804574e-4,FALSE,TRUE,FALSE,FALSE,0,0,0,0,0,0,11.1667982342367,11.1542611528993,21,2016,"Mining, Quarrying, and Oil and Gas Extraction",67,8,236.1,NA,NA,NA,NA,NA,0.003543392935019625,7.354681951280293e-5,NA,4.219507705176107,5.46848199307136,NA,TRUE,FALSE,TRUE,0,0,0
2016,22,212,5,548,22,760,27,787,0.0343074968233799,2741990,74645.57034,1.2616,2741150,2.7717095977738e-4,2.7725589624792e-4,73715.5746502129,2.88054283786e-4,FALSE,TRUE,FALSE,FALSE,0,0,0,0,0,0,11.2205064621578,11.2079693808204,22,2016,Utilities,32,3.1,36.1,NA,NA,NA,NA,NA,0.00894099870249613,1.3165620589425928e-5,NA,3.4965075614664802,3.6136169696133895,NA,FALSE,FALSE,FALSE,0,0,0
2016,23,495,51,793,51,1288,102,1390,0.0733812949640288,33405570,57155.18103,1.2616,30492796,3.85564443294936e-5,4.2239485024594e-5,56443.0949441842,3.91895843201784e-5,FALSE,FALSE,FALSE,FALSE,0,0,0,0,0,0,10.9535253218068,10.9409882404694,23,2016,Construction,558,6.3,54,NA,NA,NA,NA,NA,6.120070528491047e-4,1.6164968895905683e-6,NA,6.326149473155099,4.007333185232471,NA,TRUE,FALSE,FALSE,0,0,0
2016,31-33,8696,231,17851,535,26547,766,27313,0.0280452531761432,60933970,57979.0575114286,1.2616,60255010,4.3566831440656e-4,4.4057747231309e-4,57256.7068972133,4.4704000547008e-4,FALSE,TRUE,TRUE,FALSE,0,0,0,0,0,0,10.9678371469353,10.9553000655979,31-33,2016,Manufacturing,667,4.3,5406.4,NA,NA,NA,NA,NA,0.010131821265268837,8.872554996826893e-5,NA,6.504288173536645,8.595523664822192,NA,FALSE,FALSE,TRUE,0,0,0
2016,42,1180,203,2828,105,4008,308,4316,0.0713623725671918,29152860,56971.8831733333,1.2616,28696212,1.3748222301345e-4,1.3967000243795e-4,56262.0807624345,1.1718619865228e-4,FALSE,FALSE,FALSE,FALSE,0,0,0,0,0,0,10.9503131474544,10.937776066117,42,2016,Wholesale Trade,129,3.6,935.5,NA,NA,NA,NA,NA,0.003818950639262499,3.2089475955360814e-5,NA,4.867534450455582,6.842149521884143,NA,FALSE,FALSE,TRUE,0,0,0
2016,44-45,1507,128,4895,163,6402,291,6693,0.0434782608695652,79735020,45727.9681066667,1.2616,77136482,8.02909436781981e-5,8.29957477189587e-5,45158.2516044252,8.33535550662007e-5,FALSE,FALSE,FALSE,FALSE,0,0,0,0,0,0,10.7304653832719,10.7179283019345,44-45,2016,Retail Trade,880,5.3,1579.1,NA,NA,NA,NA,NA,0.0015149234656263793,1.9804346948179105e-5,NA,6.78105762593618,7.365243415157454,NA,TRUE,FALSE,TRUE,0,0,0
2016,48-49,356,51,877,30,1233,81,1314,0.0616438356164384,27059130,61572.2385790909,1.2616,25403244,4.55668752099569e-5,4.85371080953283e-5,60805.1211704051,4.63405382399193e-5,FALSE,FALSE,FALSE,FALSE,0,0,0,0,0,0,11.0279663755209,11.0154292941835,48-49,2016,Transportation and Warehousing,246,4.4,331.2,NA,NA,NA,NA,NA,0.0010356108002262932,1.2239861370265783e-5,NA,5.5093883366279774,5.8057371971791945,NA,FALSE,FALSE,FALSE,0,0,0
2016,51,4310,237,10671,368,14981,605,15586,0.0388168869498268,13760860,69053.1222116667,1.2616,13556686,0.00108866742340232,0.00110506358264844,68192.8018238569,9.5933475187077e-4,FALSE,TRUE,TRUE,TRUE,0,0,0,0,0,0,11.1426313744939,11.1300942931565,51,2016,Information Technology,123,4.6,633.1,NA,NA,NA,NA,NA,0.023666683117441738,4.60072989624195e-5,NA,4.820281565605037,6.452206670705986,NA,FALSE,FALSE,TRUE,0,0,0
2016,52,4380,164,14382,295,18762,459,19221,0.0238801311066022,28840150,77342.186184,1.2616,28095322,6.5055140143168e-4,6.6779800566087e-4,76378.5938440633,5.433431231007e-4,FALSE,TRUE,TRUE,FALSE,0,0,0,0,0,0,11.2559948319456,11.2434577506083,52,2016,Finance and Insurance,168,2.4,711.1,NA,NA,NA,NA,NA,0.027106308392986663,2.4656598526706694e-5,NA,5.1298987149230735,6.568218350988079,NA,FALSE,FALSE,TRUE,0,0,0
2016,53,287,49,542,32,829,81,910,0.089010989010989,10505780,58985.2288733333,1.2616,10042336,7.89089434577918e-5,8.25505141433228e-5,58250.3425517011,7.53211205042333e-5,FALSE,FALSE,FALSE,FALSE,0,0,0,0,0,0,10.9850423334639,10.9725052521266,53,2016,Real Estate and Rental and Leasing,97,3.6,171.7,NA,NA,NA,NA,NA,0.002191915096049772,1.634338430844735e-5,NA,4.584967478670572,5.1515559851526325,NA,FALSE,FALSE,FALSE,0,0,0
2016,54,47180,8849,98593,9086,145773,17935,163708,0.109554817113397,43677460,62292.79843,1.2616,41218136,0.00333748803158425,0.00353662281089082,61516.7036961691,0.00309263863848671,FALSE,TRUE,TRUE,TRUE,0,0,0,0,0,0,11.0396011030698,11.0270640217325,54,2016,Professional Services,283,2.8,1466.2,NA,NA,NA,NA,NA,0.11919600112800895,3.356880184882546e-5,NA,5.648974238161206,7.2911111015022,NA,FALSE,FALSE,TRUE,0,0,0
2016,55-56,1392,209,2451,159,3843,368,4211,0.13524566308472577,56449680,119188.94016500001,1.2616,53373652,1.479047648461324e-4,1.563508283406554e-4,117703.98666918158,1.638231115043059e-4,FALSE,FALSE,FALSE,FALSE,0,0,0,0,0,0,11.688465245458028,11.675928164120636,55-56,2016,Management of Companies and Enterprises and Administrative and Support and Waste Management and Remediation Services,559,8.6,1145.3,NA,NA,NA,NA,NA,0.0017198228470480512,2.0288866119347354e-5,NA,6.327936783729195,7.044294643120964,NA,TRUE,FALSE,TRUE,0,0,0
2016,61,12203,440,11433,413,23636,853,24489,0.0348319653722079,64871310,55630.34612,1.2616,51184228,3.6435213039477e-4,4.6178287577181e-4,54937.2576771451,4.6196261864103e-4,FALSE,TRUE,TRUE,FALSE,0,0,0,0,0,0,10.9264841248727,10.9139470435353,61,2016,Educational Services,195,4.1,71.4,NA,NA,NA,NA,NA,0.008886637326701708,1.100640637594647e-6,NA,5.278114659230517,4.282206299391671,NA,FALSE,FALSE,FALSE,0,0,0
2016,62,5269,376,8439,286,13708,662,14370,0.0460681976339596,96074300,53423.5344425,1.2616,92019372,1.4268123733402e-4,1.4896863238753e-4,52757.9402680779,1.4845569691564e-4,FALSE,TRUE,FALSE,FALSE,0,0,0,0,0,0,10.8860066477568,10.8734695664194,62,2016,Healthcare,577,3.1,56.3,NA,NA,NA,NA,NA,0.0046026205591619355,5.860047900427065e-7,NA,6.359573868672378,4.048300623720694,NA,FALSE,FALSE,FALSE,0,0,0
2016,71,173,45,280,23,453,68,521,0.130518234165067,11469150,50048.39695,1.2616,10534054,3.94972600410667e-5,4.30033869201734e-5,49424.8530044953,5.27052547860491e-5,FALSE,FALSE,FALSE,FALSE,0,0,0,0,0,0,10.8207457552594,10.808208673922,71,2016,"Arts, Entertainment, and Recreation",165,6.3,89.2,NA,NA,NA,NA,NA,6.269406355724873e-4,7.777385420889953e-6,NA,5.111987788356544,4.502029427068578,NA,TRUE,FALSE,FALSE,0,0,0
2016,72,227,77,568,44,795,121,916,0.132096069868996,66646460,41765.246665,1.2616,62316340,1.19286155633773e-5,1.27574886458351e-5,41244.900994059,1.34218408847503e-5,FALSE,FALSE,FALSE,FALSE,0,0,0,0,0,0,10.6398198531944,10.627282771857,72,2016,Accommodation and Food Services,784,6.9,1147.3,NA,NA,NA,NA,NA,1.7287848642575794e-4,1.7214717780959407e-5,NA,6.665683717782408,7.046037866782144,NA,TRUE,FALSE,FALSE,0,0,0
2016,81,448,77,685,34,1133,111,1244,0.0892282958199357,20175250,51029.3263766667,1.2616,19571198,5.61579162587824e-5,5.78911929663171e-5,50393.5612084607,6.09467034159074e-5,FALSE,FALSE,FALSE,FALSE,0,0,0,0,0,0,10.8401557734353,10.8276186920979,81,2016,Other Services,293,4.4,88.3,NA,NA,NA,NA,NA,0.0012763162786086908,4.376649607811551e-6,NA,5.683579767338681,4.492001487882454,NA,FALSE,FALSE,FALSE,0,0,0
2017,11,72,10,136,4,208,14,222,0.0630630630630631,2084690,49808.530725,2.1301,2028730,9.97750265027414e-5,1.0252719681771e-4,48769.6876092357,1.303278405702e-4,TRUE,TRUE,FALSE,FALSE,1,0,0,1.303278405702e-4,0.0630630630630631,0,10.8159415480414,10.7948642432958,11,2017,"Agriculture, Forestry, Fishing and Hunting",122,7.2,82.4,NA,NA,NA,NA,NA,0.0013857642569825193,3.9526260499162945e-5,NA,4.812184355372417,4.423648309364701,NA,TRUE,FALSE,TRUE,1,0,1
2017,21,223,5,675,38,898,43,941,0.0456960680127524,2912420,70728.9552766667,2.1301,3852506,3.0833464953543e-4,2.3309502957295e-4,69253.780498273,3.5675479804574e-4,TRUE,TRUE,FALSE,FALSE,1,0,0,3.5675479804574e-4,0.0456960680127524,0,11.166610319338,11.1455330145923,21,2017,"Mining, Quarrying, and Oil and Gas Extraction",31,4.1,232.8,NA,NA,NA,NA,NA,0.007520357305742196,7.993352607110239e-5,NA,3.4657359027997265,5.454466049037968,NA,FALSE,FALSE,TRUE,0,0,1
2017,22,158,7,556,7,714,14,728,0.0192307692307692,2754120,75766.26923,2.1301,2741150,2.5924796305171e-4,2.6047461831713e-4,74186.0325506388,2.88054283786e-4,TRUE,TRUE,FALSE,FALSE,1,0,0,2.88054283786e-4,0.0192307692307692,0,11.2354084756242,11.2143311708786,22,2017,Utilities,27,2.6,35,NA,NA,NA,NA,NA,0.009971075501988844,1.2708233482927397e-5,NA,3.332204510175204,3.58351893845611,NA,FALSE,FALSE,FALSE,0,0,0
2017,23,486,53,698,31,1184,84,1268,0.0662460567823344,34477520,58495.95027,2.1301,30492796,3.43412171177045e-5,3.88288433766454e-5,57275.9159836326,3.91895843201784e-5,TRUE,FALSE,FALSE,FALSE,0,0,0,3.91895843201784e-5,0,0,10.9767128046699,10.9556354999242,23,2017,Construction,559,6,52.8,NA,NA,NA,NA,NA,5.723536186284083e-4,1.5314326552489854e-6,NA,6.327936783729195,3.9852734671677386,NA,TRUE,FALSE,FALSE,0,0,0
2017,31-33,9448,339,17462,440,26910,779,27689,0.0281339159955217,60665200,59149.1507171429,2.1301,60255010,4.4358215253555e-4,4.4660186762893e-4,57915.4928049056,4.4704000547008e-4,TRUE,TRUE,TRUE,FALSE,1,1,0,4.4704000547008e-4,0.0281339159955217,0.0281339159955217,10.9878175111825,10.9667402064368,31-33,2017,Manufacturing,563,3.6,5446,NA,NA,NA,NA,NA,0.012321726459320831,8.977140106683898e-5,NA,6.335054251498059,8.602820277383675,NA,FALSE,FALSE,TRUE,0,0,1
2017,42,870,164,2602,108,3472,272,3744,0.0726495726495727,29179110,57741.3636266667,2.1301,28696212,1.1898923579231e-4,1.2099157895822e-4,56537.0675507678,1.1718619865228e-4,TRUE,FALSE,FALSE,FALSE,0,0,0,1.1718619865228e-4,0,0,10.9637290696105,10.9426517648648,42,2017,Wholesale Trade,116,3.2,980.5,NA,NA,NA,NA,NA,0.0037184136185096873,3.360280693962221e-5,NA,4.762173934797756,6.889082013716516,NA,FALSE,FALSE,TRUE,0,0,0
2017,44-45,1758,140,5131,139,6889,279,7168,0.0389229910714286,79786960,46882.84115,2.1301,77136482,8.63424298907992e-5,8.93092324329751e-5,45905.0183540406,8.33535550662007e-5,TRUE,FALSE,FALSE,FALSE,0,0,0,8.33535550662007e-5,0,0,10.75540702715,10.7343297224043,44-45,2017,Retail Trade,826,4.9,1561.8,NA,NA,NA,NA,NA,0.0017620904059346774,1.9574627232319668e-5,NA,6.717804695023691,7.3542343631809155,NA,FALSE,FALSE,TRUE,0,0,0
2017,48-49,285,49,947,27,1232,76,1308,0.0581039755351682,28258230,62827.6609981818,2.1301,25403244,4.3597918199406e-5,4.84977430441561e-5,61517.2813873499,4.63405382399193e-5,TRUE,FALSE,FALSE,FALSE,0,0,0,4.63405382399193e-5,0,0,11.048150717236,11.0270734124903,48-49,2017,Transportation and Warehousing,244,4.4,327.9,NA,NA,NA,NA,NA,9.90861777259227e-4,1.1603699170117873e-5,NA,5.501258210544727,5.795753753195012,NA,FALSE,FALSE,FALSE,0,0,0
2017,51,4686,275,11989,335,16675,610,17285,0.0352907144923344,13953710,70464.0014266667,2.1301,13556686,0.00119502268572301,0.00123002037518609,68994.3527193909,9.5933475187077e-4,TRUE,TRUE,TRUE,TRUE,1,1,1,9.5933475187077e-4,0.0352907144923344,0.0352907144923344,11.1628572403291,11.1417799355834,51,2017,Information Technology,120,4.5,616.2,NA,NA,NA,NA,NA,0.026556059682733557,4.416029858725744e-5,NA,4.795790545596741,6.425193120489006,NA,FALSE,FALSE,TRUE,0,0,1
2017,52,4016,205,13972,259,17988,464,18452,0.0251463256015608,29245780,78868.117834,2.1301,28095322,6.150630962826e-4,6.4024893539216e-4,77223.186733392,5.433431231007e-4,TRUE,TRUE,TRUE,FALSE,1,1,0,5.433431231007e-4,0.0251463256015608,0.0251463256015608,11.2755323419511,11.2544550372054,52,2017,Finance and Insurance,163,2.3,725.6,NA,NA,NA,NA,NA,0.02674187375141739,2.4810417092654053e-5,NA,5.099866427824199,6.588376119787101,NA,FALSE,FALSE,TRUE,0,0,1
2017,53,248,53,532,32,780,85,865,0.0982658959537572,10696670,60286.96637,2.1301,10042336,7.29198900218479e-5,7.76711713290613e-5,59029.5773430164,7.53211205042333e-5,TRUE,FALSE,FALSE,FALSE,0,0,0,7.53211205042333e-5,0,0,11.0068712129178,10.9857939081721,53,2017,Real Estate and Rental and Leasing,77,2.8,182.2,NA,NA,NA,NA,NA,0.002604281786494568,1.7033338412795756e-5,NA,4.356708826689592,5.21057845224003,NA,FALSE,FALSE,FALSE,0,0,0
2017,54,42468,12052,99591,12898,142059,24950,167009,0.149393146477136,44224340,62987.42409,2.1301,41218136,0.00321223561504818,0.00344651684394462,61673.7123433738,0.00309263863848671,TRUE,TRUE,TRUE,TRUE,1,1,1,0.00309263863848671,0.149393146477136,0.149393146477136,11.0506903678284,11.0296130630827,54,2017,Professional Services,305,2.8,1542.4,NA,NA,NA,NA,NA,0.11472270053743501,3.48767217328738e-5,NA,5.723585101952381,7.341743054023503,NA,FALSE,FALSE,TRUE,0,0,1
2017,55-56,1406,179,2413,149,3819,328,4147,0.1274354164242965,56495860,121226.102555,2.1301,53373652,1.2944061830238128e-4,1.373682169424893e-4,118697.72237078,1.6382311150430593e-4,TRUE,FALSE,FALSE,FALSE,0,0,0,1.6382311150430593e-4,0,0,11.705412697044586,11.68433539229892,55-56,2017,Management of Companies and Enterprises and Administrative and Support and Waste Management and Remediation Services,470,7.4,1180.4,NA,NA,NA,NA,NA,0.0017491975446267739,2.089356636043774e-5,NA,6.154858094016418,7.074455454873135,NA,TRUE,FALSE,TRUE,0,0,0
2017,61,10813,409,13178,407,23991,816,24807,0.0328939412262668,65124350,56542.67364,2.1301,51184228,3.6838755396407e-4,4.6871860605184e-4,55363.3783184389,4.6196261864103e-4,TRUE,TRUE,TRUE,FALSE,1,1,0,4.6196261864103e-4,0.0328939412262668,0.0328939412262668,10.9427509177136,10.9216736129679,61,2017,Educational Services,171,3.5,73.1,NA,NA,NA,NA,NA,0.010525358684687713,1.1224680169552555e-6,NA,5.147494476813453,4.3054155323020415,NA,FALSE,FALSE,FALSE,0,0,0
2017,62,5227,320,9258,346,14485,666,15151,0.0439574945548149,100753060,54765.89548,2.1301,92019372,1.4376734562702e-4,1.5741250657524e-4,53623.6579421738,1.4845569691564e-4,TRUE,TRUE,FALSE,FALSE,1,0,0,1.4845569691564e-4,0.0439574945548149,0,10.9108229339434,10.8897456291978,62,2017,Healthcare,543,2.9,53.9,NA,NA,NA,NA,NA,0.0049574946767937935,5.349713447909175e-7,NA,6.298949246855942,4.005513348515485,NA,FALSE,FALSE,FALSE,0,0,0
2017,71,157,32,238,15,395,47,442,0.106334841628959,11714700,50280.8929666667,2.1301,10534054,3.37183197179612e-5,3.7497434510968e-5,49232.1979187983,5.27052547860491e-5,TRUE,FALSE,FALSE,FALSE,0,0,0,5.27052547860491e-5,0,0,10.8253804224245,10.8043031176788,71,2017,"Arts, Entertainment, and Recreation",156,5.6,118.1,NA,NA,NA,NA,NA,6.0211285210645e-4,1.008135078149675e-5,NA,5.056245805348308,4.779963476361254,NA,TRUE,FALSE,FALSE,0,0,0
2017,72,197,66,532,37,729,103,832,0.123798076923077,68045560,43432.197495,2.1301,62316340,1.07134102504263e-5,1.16983763808979e-5,42526.3438447627,1.34218408847503e-5,TRUE,FALSE,FALSE,FALSE,0,0,0,1.34218408847503e-5,0,0,10.6789563227982,10.6578790180525,72,2017,Accommodation and Food Services,700,6.2,1044.5,NA,NA,NA,NA,NA,1.7279693952300482e-4,1.5350009611207548e-5,NA,6.55250788703459,6.952250518868688,NA,TRUE,FALSE,FALSE,0,0,0
2017,81,323,73,608,24,931,97,1028,0.0943579766536965,20644450,52379.1545433333,2.1301,19571198,4.50968662279693e-5,4.75699034877681e-5,51286.6966186593,6.09467034159074e-5,TRUE,FALSE,FALSE,FALSE,0,0,0,6.09467034159074e-5,0,0,10.8662639771016,10.8451866723559,81,2017,Other Services,251,3.8,96.8,NA,NA,NA,NA,NA,0.0011867596375781395,4.688911547655665e-6,NA,5.529429087511423,4.582924577040772,NA,FALSE,FALSE,FALSE,0,0,0
2018,11,97,51,165,57,262,108,370,0.291891891891892,2099210,51076.107405,2.4426,2028730,1.2480885666512e-4,1.2914483445308e-4,49858.2693186233,1.303278405702e-4,TRUE,TRUE,FALSE,FALSE,1,0,0,1.303278405702e-4,0.291891891891892,0,10.8410721013891,10.8169396456573,11,2018,"Agriculture, Forestry, Fishing and Hunting",124,7.2,75.3,NA,NA,NA,NA,NA,0.0017334563425711108,3.587063704917564e-5,NA,4.8283137373023015,4.334672938290411,NA,TRUE,FALSE,TRUE,1,0,1
2018,21,360,24,1210,64,1570,88,1658,0.0530759951749095,3218560,71687.35991,2.4426,3852506,4.8779578445018e-4,4.0752694479904e-4,69978.0754393192,3.5675479804574e-4,TRUE,TRUE,FALSE,FALSE,1,0,0,3.5675479804574e-4,0.0530759951749095,0,11.1800697196937,11.1559372639619,21,2018,"Mining, Quarrying, and Oil and Gas Extraction",27,3.4,231.3,NA,NA,NA,NA,NA,0.01434693483677,7.186443626963611e-5,NA,3.332204510175204,5.4480296397763635,NA,FALSE,FALSE,TRUE,0,0,1
2018,22,382,44,1060,28,1442,72,1514,0.047556142668428,2762990,77752.35632,2.4426,2741150,5.2189837820621e-4,5.2605658209145e-4,75898.4605232589,2.88054283786e-4,TRUE,TRUE,FALSE,FALSE,1,0,0,2.88054283786e-4,0.047556142668428,0,11.2612841359488,11.237151680217,22,2018,Utilities,19,1.8,34.1,NA,NA,NA,NA,NA,0.02899435434478944,1.2341702286291301e-5,NA,2.995732273553991,3.55820113047182,NA,FALSE,FALSE,FALSE,0,0,0
2018,23,1554,318,1499,124,3053,442,3495,0.126466380543634,35752920,59181.5853433333,2.4426,30492796,8.53916267538428e-5,1.0012200914602e-4,57770.4835130437,3.91895843201784e-5,TRUE,FALSE,FALSE,FALSE,0,0,0,3.91895843201784e-5,0,0,10.9883657140938,10.964233258362,23,2018,Construction,494,5.1,51,NA,NA,NA,NA,NA,0.0016743456226243688,1.426456915966584e-6,NA,6.20455776256869,3.9512437185814275,NA,FALSE,FALSE,FALSE,0,0,0
2018,31-33,20343,1701,39851,1610,60194,3311,63505,0.0521376269585072,61875420,60517.0249961905,2.4426,60255010,9.7282571980925e-4,9.9898747008755e-4,59074.0814819133,4.4704000547008e-4,TRUE,TRUE,TRUE,FALSE,1,1,0,4.4704000547008e-4,0.0521376269585072,0.0521376269585072,11.0106800093277,10.9865475535959,31-33,2018,Manufacturing,517,3.3,5412.1,NA,NA,NA,NA,NA,0.02947956726694697,8.746768910821131e-5,NA,6.249975242259483,8.596577220670303,NA,FALSE,FALSE,TRUE,0,0,1
2018,42,2265,742,6166,351,8431,1093,9524,0.114762704745905,28944330,59171.88121,2.4426,28696212,2.9128330142725e-4,2.9380184395069e-4,57761.0107611482,1.1718619865228e-4,TRUE,FALSE,FALSE,FALSE,0,0,0,1.1718619865228e-4,0,0,10.9882017284728,10.964069272741,42,2018,Wholesale Trade,112,3.1,1002.6,NA,NA,NA,NA,NA,0.009396235529911291,3.463890855307413e-5,NA,4.727387818712341,6.911348814492268,NA,FALSE,FALSE,TRUE,0,0,0
2018,44-45,4912,808,12733,697,17645,1505,19150,0.0785900783289817,78995730,48259.6783441667,2.4426,77136482,2.2336650348063e-4,2.2875038558279e-4,47108.9940553702,8.33535550662007e-5,TRUE,FALSE,FALSE,FALSE,0,0,0,8.33535550662007e-5,0,0,10.784351674096,10.7602192183642,44-45,2018,Retail Trade,768,4.6,1497.9,NA,NA,NA,NA,NA,0.004855793553926739,1.89617843901183e-5,NA,6.645090969505644,7.31248678473655,NA,FALSE,FALSE,TRUE,0,0,0
2018,48-49,957,238,2460,152,3417,390,3807,0.102442868400315,29918000,63870.58928,2.4426,25403244,1.1421217995855e-4,1.3451037985542e-4,62347.6847327186,4.63405382399193e-5,TRUE,FALSE,FALSE,FALSE,0,0,0,4.63405382399193e-5,0,0,11.0646142727539,11.0404818170221,48-49,2018,Transportation and Warehousing,218,3.6,367.5,NA,NA,NA,NA,NA,0.0031725605544041663,1.2283575105287786e-5,NA,5.389071729816501,5.909440711629391,NA,FALSE,FALSE,FALSE,0,0,0
2018,51,10090,1265,28644,1413,38734,2678,41412,0.0646672462088284,13915530,71902.365645,2.4426,13556686,0.00278350878478937,0.00285718795876809,70187.9546643681,9.5933475187077e-4,TRUE,TRUE,TRUE,TRUE,1,1,1,9.5933475187077e-4,0.0646672462088284,0.0646672462088284,11.1830644450455,11.1589319893137,51,2018,Information Technology,99,3.7,622.2,NA,NA,NA,NA,NA,0.07522996715646944,4.471263401393983e-5,NA,4.605170185988092,6.4348674945565385,NA,FALSE,FALSE,TRUE,0,0,1
2018,52,11488,1423,38196,1633,49684,3056,52740,0.0579446340538491,29342450,81376.35735,2.4426,28095322,0.00169324647396519,0.00176840827807562,79436.0523356494,5.433431231007e-4,TRUE,TRUE,TRUE,FALSE,1,1,0,5.433431231007e-4,0.0579446340538491,0.0579446340538491,11.3068400595561,11.2827076038243,52,2018,Finance and Insurance,139,1.9,698.3,NA,NA,NA,NA,NA,0.0891182354718521,2.379828541924754e-5,NA,4.941642422609304,6.5500798347098215,NA,FALSE,FALSE,TRUE,0,0,1
2018,53,685,291,1402,109,2087,400,2487,0.160836349014877,10910670,61967.4459166667,2.4426,10042336,1.912806454599e-4,2.0782017251762e-4,60489.9191514728,7.53211205042333e-5,TRUE,FALSE,FALSE,FALSE,0,0,0,7.53211205042333e-5,0,0,11.0343644602717,11.0102320045399,53,2018,Real Estate and Rental and Leasing,77,2.8,196,NA,NA,NA,NA,NA,0.006831451623567858,1.796406636805989e-5,NA,4.356708826689592,5.2832037287379885,NA,FALSE,FALSE,FALSE,0,0,0
2018,54,79033,43211,200379,40464,279412,83675,363087,0.230454408998394,45562600,63928.94072,2.4426,41218136,0.00613248585462638,0.00677886064522665,62404.6448645388,0.00309263863848671,TRUE,TRUE,TRUE,TRUE,1,1,1,0.00309263863848671,0.230454408998394,0.230454408998394,11.0655274442507,11.041394988518901,54,2018,Professional Services,256,2.3,1529.8,NA,NA,NA,NA,NA,0.26662981976636435,3.357578364711408e-5,NA,5.54907608489522,7.333545753551547,NA,FALSE,FALSE,TRUE,0,0,1
2018,55-56,2904,955,5302,694,8206,1649,9855,0.29200467639149097,54555990,123927.38262000002,2.4426,53373652,2.9084784611922e-4,3.0357383521797e-4,120972.5081362637,1.638231115043059e-4,TRUE,FALSE,FALSE,FALSE,0,0,0,1.638231115043059e-4,0,0,11.727451049010185,11.703318593278375,55-56,2018,Management of Companies and Enterprises and Administrative and Support and Waste Management and Remediation Services,415,6.7,1211.5,NA,NA,NA,NA,NA,0.004341012628645074,2.2206544139332822e-5,NA,6.030685260261263,7.100439622811638,NA,TRUE,FALSE,TRUE,0,0,0
2018,61,21532,1098,18747,770,40279,1868,42147,0.0443210667425914,65684760,58556.63826,2.4426,51184228,6.132168253336e-4,7.8694163366105e-4,57160.4374156845,4.6196261864103e-4,TRUE,TRUE,TRUE,FALSE,1,1,0,4.6196261864103e-4,0.0443210667425914,0.0443210667425914,10.9777497402251,10.9536172844933,61,2018,Educational Services,174,3.4,73.5,NA,NA,NA,NA,NA,0.0180357889804,1.1189810239087424e-6,NA,5.1647859739235145,4.310799125385514,NA,FALSE,FALSE,FALSE,0,0,0
2018,62,10075,901,15239,643,25314,1544,26858,0.0574875269938193,103049170,55586.512725,2.4426,92019372,2.4564972236069e-4,2.7509424863277e-4,54261.13035495,1.4845569691564e-4,TRUE,TRUE,FALSE,FALSE,1,0,0,1.4845569691564e-4,0.0574875269938193,0,10.9256958739237,10.9015634181918,62,2018,Healthcare,464,2.4,56.8,NA,NA,NA,NA,NA,0.010235405098362084,5.511931828271882e-7,NA,6.142037405587356,4.056988775678332,NA,FALSE,FALSE,FALSE,0,0,0
2018,71,278,123,489,53,767,176,943,0.186638388123012,11984380,51791.7040366667,2.4426,10534054,6.3999973298577e-5,7.28114741010441e-5,50556.8035530792,5.27052547860491e-5,TRUE,FALSE,FALSE,FALSE,0,0,0,5.27052547860491e-5,0,0,10.8549852616893,10.8308528059575,71,2018,"Arts, Entertainment, and Recreation",150,5.6,136.3,NA,NA,NA,NA,NA,0.0011428566660460179,1.137313736713956e-5,NA,5.017279836814924,4.922168312773925,NA,TRUE,FALSE,FALSE,0,0,0
2018,72,410,296,963,137,1373,433,1806,0.239756367663344,69328240,44197.65509,2.4426,62316340,1.98043394726305e-5,2.20327445418008e-5,43143.8240439036,1.34218408847503e-5,TRUE,FALSE,FALSE,FALSE,0,0,0,1.34218408847503e-5,0,0,10.696427014396,10.6722945586642,72,2018,Accommodation and Food Services,640,5.7,1039.4,NA,NA,NA,NA,NA,3.4744455215141224e-4,1.4992447522106432e-5,NA,6.46302945692067,6.947360533574496,NA,TRUE,FALSE,FALSE,0,0,0
2018,81,748,211,1250,62,1998,273,2271,0.120211360634082,20815350,52413.2133333333,2.4426,19571198,9.59868558539732e-5,1.0208879395119e-4,51163.4938329692,6.09467034159074e-5,TRUE,FALSE,FALSE,FALSE,0,0,0,6.09467034159074e-5,0,0,10.8669140013713,10.8427815456395,81,2018,Other Services,229,3.3,84.8,NA,NA,NA,NA,NA,0.0029086926016355513,4.073916604813275e-6,NA,5.438079308923196,4.4520190064939165,NA,FALSE,FALSE,FALSE,0,0,0
2019,11,264,111,210,28,474,139,613,0.226753670473083,2142570,52496.199445,1.8122,2028730,2.212296447724e-4,2.3364370813267e-4,51561.7965676019,1.303278405702e-4,TRUE,TRUE,FALSE,FALSE,1,0,0,1.303278405702e-4,0.226753670473083,0,10.8684960544355,10.8505363006587,11,2019,"Agriculture, Forestry, Fishing and Hunting",129,7.4,107.7,NA,NA,NA,NA,NA,0.002989589794221621,5.026673574258951e-5,NA,4.867534450455582,4.688591794127164,NA,TRUE,FALSE,TRUE,1,0,1
2019,21,728,74,923,82,1651,156,1807,0.0863309352517986,3336330,72944.0479666667,1.8122,3852506,4.948551252424e-4,4.2855222029505e-4,71645.6848655335,3.5675479804574e-4,TRUE,TRUE,FALSE,FALSE,1,0,0,3.5675479804574e-4,0.0863309352517986,0,11.1974479600351,11.1794882062582,21,2019,"Mining, Quarrying, and Oil and Gas Extraction",24,3.2,215.5,NA,NA,NA,NA,NA,0.015464222663825,6.459193185326391e-5,NA,3.2188758248682006,5.377590547442544,NA,FALSE,FALSE,TRUE,0,0,1
2019,22,597,69,1250,64,1847,133,1980,0.0671717171717172,2710300,79298.28185,1.8122,2741150,6.8147437553038e-4,6.7380478996041e-4,77886.8169531746,2.88054283786e-4,TRUE,TRUE,FALSE,FALSE,1,0,0,2.88054283786e-4,0.0671717171717172,0,11.2809717409317,11.2630119871549,22,2019,Utilities,19,1.8,38,NA,NA,NA,NA,NA,0.03785968752946555,1.4020588126775634e-5,NA,2.995732273553991,3.6635616461296463,NA,FALSE,FALSE,FALSE,0,0,0
2019,23,2348,292,1877,132,4225,424,4649,0.0912024091202409,37021930,60049.6619433333,1.8122,30492796,1.1412154903863e-4,1.3855731694791e-4,58980.811674174,3.91895843201784e-5,TRUE,FALSE,FALSE,FALSE,0,0,0,3.91895843201784e-5,0,0,11.0029271979058,10.984967444129,23,2019,Construction,435,4.5,49.8,NA,NA,NA,NA,NA,0.002536034423080667,1.3451486726921043e-6,NA,6.077642243349034,3.927896354584436,NA,FALSE,FALSE,FALSE,0,0,0
2019,31-33,29162,2413,39934,1872,69096,4285,73381,0.0583938621714068,63050630,61286.0201747619,1.8122,60255010,0.00109588119896661,0.00114672622243362,60195.1634232066,4.4704000547008e-4,TRUE,TRUE,TRUE,FALSE,1,1,0,4.4704000547008e-4,0.0583938621714068,0.0583938621714068,11.023307040039,11.0053472862621,31-33,2019,Manufacturing,468,3,5346.9,NA,NA,NA,NA,NA,0.036529373298887,8.480327635108483e-5,NA,6.150602768446279,8.584459239468105,NA,FALSE,FALSE,TRUE,0,0,1
2019,42,3311,858,6383,373,9694,1231,10925,0.112677345537757,28543880,63952.4983466667,1.8122,28696212,3.3961745915411e-4,3.3781462166504e-4,62814.1797806812,1.1718619865228e-4,TRUE,FALSE,FALSE,FALSE,0,0,0,1.1718619865228e-4,0,0,11.0658958734318,11.047936119655,42,2019,Wholesale Trade,97,2.8,997.2,NA,NA,NA,NA,NA,0.012129194969789644,3.493568498746491e-5,NA,4.584967478670572,6.905953657035509,NA,FALSE,FALSE,TRUE,0,0,0
2019,44-45,6748,1101,13664,933,20412,2034,22446,0.0906174819566961,77902000,48553.6679733333,1.8122,77136482,2.6202151421016e-4,2.6462186854723e-4,47689.4399426919,8.33535550662007e-5,TRUE,FALSE,FALSE,FALSE,0,0,0,8.33535550662007e-5,0,0,10.7904250212948,10.772465267518,44-45,2019,Retail Trade,706,4.4,1475.4,NA,NA,NA,NA,NA,0.005955034413867272,1.893917999537881e-5,NA,6.561030665896573,7.297361971155843,NA,FALSE,FALSE,TRUE,0,0,0
2019,48-49,1258,279,2335,126,3593,405,3998,0.101300650325163,31081970,65838.8883227273,1.8122,25403244,1.155975634749e-4,1.4143862886173e-4,64666.993074236,4.63405382399193e-5,TRUE,FALSE,FALSE,FALSE,0,0,0,4.63405382399193e-5,0,0,11.0949659506812,11.0770061969043,48-49,2019,Transportation and Warehousing,237,3.8,397.9,NA,NA,NA,NA,NA,0.0030420411440763157,1.2801633873271224e-5,NA,5.472270673671475,5.988710758911361,NA,FALSE,FALSE,FALSE,0,0,0
2019,51,14473,2287,25486,1486,39959,3773,43732,0.0862754962041526,13922070,74208.7794983333,1.8122,13556686,0.002870190998896,0.00294754927568581,72887.9048859894,9.5933475187077e-4,TRUE,TRUE,TRUE,TRUE,1,1,1,9.5933475187077e-4,0.0862754962041526,0.0862754962041526,11.2146377442359,11.1966779904591,51,2019,Information Technology,89,3.5,696.8,NA,NA,NA,NA,NA,0.08200545711131428,5.0050028479960235e-5,NA,4.499809670330265,6.547932528752674,NA,FALSE,FALSE,TRUE,0,0,1
2019,52,16735,1970,37784,1452,54519,3422,57941,0.0590600783555686,29206890,82319.913566,1.8122,28095322,0.00186664858874053,0.00194050098446994,80854.6653210519,5.433431231007e-4,TRUE,TRUE,TRUE,FALSE,1,1,0,5.433431231007e-4,0.0590600783555686,0.0590600783555686,11.3183683205317,11.3004085667548,52,2019,Finance and Insurance,145,2,719.6,NA,NA,NA,NA,NA,0.09333242943702649,2.4638022055754653e-5,NA,4.983606621708336,6.580084198313993,NA,FALSE,FALSE,TRUE,0,0,1
2019,53,1293,319,1639,91,2932,410,3342,0.122681029323758,11165610,63188.3938766667,1.8122,10042336,2.6259201243819e-4,2.9196394145744e-4,62063.6759412592,7.53211205042333e-5,TRUE,FALSE,FALSE,FALSE,0,0,0,7.53211205042333e-5,0,0,11.0538759220789,11.035916168302,53,2019,Real Estate and Rental and Leasing,71,2.5,214.2,NA,NA,NA,NA,NA,0.010503680497527599,1.9183904865027524e-5,NA,4.276666119016055,5.371567828287629,NA,FALSE,FALSE,TRUE,0,0,0
2019,54,115843,53055,200152,42399,315995,95454,411449,0.231994730817185,46462340,65003.04217,1.8122,41218136,0.00680109955718976,0.00766640684576323,63846.0245137616,0.00309263863848671,TRUE,TRUE,TRUE,TRUE,1,1,1,0.00309263863848671,0.231994730817185,0.231994730817185,11.082189350398,11.0642295966211,54,2019,Professional Services,273,2.3,1601.5,NA,NA,NA,NA,NA,0.2956999807473809,3.4468776217469894e-5,NA,5.6131281063880705,7.379320188794825,NA,FALSE,FALSE,TRUE,0,0,1
2019,55-56,4264,1261,6066,776,10330,2037,12367,0.2806932091922308,57865570,126840.567845,1.8122,53373652,3.698038325137e-4,4.0489727350749e-4,124582.8769489315,1.638231115043059e-4,TRUE,FALSE,FALSE,FALSE,0,0,0,1.638231115043059e-4,0,0,11.750686205502875,11.732726451726045,55-56,2019,Management of Companies and Enterprises and Administrative and Support and Waste Management and Remediation Services,374,6.1,1220.8,NA,NA,NA,NA,NA,0.006062357910060656,2.1097174019023748e-5,NA,5.926926025970411,7.108080460215667,NA,TRUE,FALSE,TRUE,0,0,0
2019,61,25216,1076,24780,1022,49996,2098,52094,0.0402733520175068,65681920,59818.06389,1.8122,51184228,7.6118359512024e-4,9.7678527065017e-4,58753.3359361648,4.6196261864103e-4,TRUE,TRUE,TRUE,FALSE,1,1,0,4.6196261864103e-4,0.0402733520175068,0.0402733520175068,10.9990629660634,10.9811032122865,61,2019,Educational Services,180,3.5,65.8,NA,NA,NA,NA,NA,0.02174810271772114,1.0017977549986357e-6,NA,5.198497031265826,4.2017030805426,NA,FALSE,FALSE,FALSE,0,0,0
2019,62,12277,773,18198,676,30475,1449,31924,0.0453890489913545,102494760,56746.3397375,1.8122,92019372,2.973322733767e-4,3.3118026495551e-4,55736.286749034,1.4845569691564e-4,TRUE,TRUE,FALSE,FALSE,1,0,0,1.4845569691564e-4,0.0453890489913545,0,10.9463464352459,10.9283866814691,62,2019,Healthcare,441,2.2,75.7,NA,NA,NA,NA,NA,0.013515103335304543,7.385743427273746e-7,NA,6.091309882077698,4.33990170837321,NA,FALSE,FALSE,FALSE,0,0,0
2019,71,352,147,436,51,788,198,986,0.200811359026369,11914160,52706.46486,1.8122,10534054,6.61397866068611e-5,7.48050085940323e-5,51768.3193762634,5.27052547860491e-5,TRUE,FALSE,FALSE,FALSE,0,0,0,5.27052547860491e-5,0,0,10.872493399871,10.8545336460942,71,2019,"Arts, Entertainment, and Recreation",141,5.1,146.9,NA,NA,NA,NA,NA,0.0012968585609188451,1.2329866310339965e-5,NA,4.955827057601261,4.996536369716754,NA,FALSE,FALSE,FALSE,0,0,0
2019,72,504,221,1133,142,1637,363,2000,0.1815,70255080,45363.081525,1.8122,62316340,2.33008061481106e-5,2.62691936015498e-5,44555.6441418612,1.34218408847503e-5,TRUE,FALSE,FALSE,FALSE,0,0,0,1.34218408847503e-5,0,0,10.7224538709487,10.7044941171718,72,2019,Accommodation and Food Services,605,5.3,676.3,NA,NA,NA,NA,NA,4.3963785185114344e-4,9.62635015147659e-6,NA,6.406879986069314,6.518114306220858,NA,TRUE,FALSE,FALSE,0,0,0
2019,81,886,271,1245,97,2131,368,2499,0.147258903561425,20759610,53807.5367766667,1.8122,19571198,1.0265125404571e-4,1.0888449444944e-4,52849.7928309836,6.09467034159074e-5,TRUE,FALSE,FALSE,FALSE,0,0,0,6.09467034159074e-5,0,0,10.893168825124,10.8752090713472,81,2019,Other Services,217,3.2,88.4,NA,NA,NA,NA,NA,0.003207851688928437,4.2582688210424e-6,NA,5.384495062789089,4.493120682179469,NA,FALSE,FALSE,FALSE,0,0,0
2020,11,60,14,108,17,168,31,199,0.155778894472362,2137470,52764.667015,1.2336,2028730,7.85975943522014e-5,8.28104281989225e-5,52121.6938002798,1.303278405702e-4,TRUE,TRUE,FALSE,FALSE,1,0,0,1.303278405702e-4,0.155778894472362,0,10.8735970603679,10.8613365287974,11,2020,"Agriculture, Forestry, Fishing and Hunting",135,8.1,118.8,1281,21,1.7,25,1.9,9.703406710148321e-4,5.5579727434771014e-5,0.00462338790307067,4.912654885736052,4.785823685681349,3.091042453358316,TRUE,FALSE,TRUE,1,0,1
2020,21,285,19,498,33,783,52,835,0.0622754491017964,2795260,75415.1381266667,1.2336,3852506,2.8011705530075e-4,2.0324432979468e-4,74496.1535761513,3.5675479804574e-4,TRUE,TRUE,FALSE,FALSE,1,0,0,3.5675479804574e-4,0.0622754491017964,0,11.230763304755,11.2185027731845,21,2020,"Mining, Quarrying, and Oil and Gas Extraction",85,11.3,201.5,656,37,5.6,43,6.6,0.002478911993811947,7.208631755185565e-5,0.005002090273227679,4.454347296253507,5.310739886546594,3.6375861597263857,TRUE,TRUE,TRUE,1,1,1
2020,22,201,10,721,31,922,41,963,0.0425752855659398,2674010,82374.28283,1.2336,2741150,3.4480050560768e-4,3.363551793955e-4,81370.4963865752,2.88054283786e-4,TRUE,TRUE,FALSE,FALSE,1,0,0,2.88054283786e-4,0.0425752855659398,0,11.3190285656061,11.3067680340356,22,2020,Utilities,26,2.4,31,1064,219,20.6,234,22,0.014366687733653332,1.1593075568154196e-5,0.0016737888621732038,3.295836866004329,3.4657359027997265,5.393627546352362,FALSE,TRUE,FALSE,0,1,0
2020,23,1111,92,1149,66,2260,158,2418,0.065343258891646,36140440,61555.2642766667,1.2336,30492796,6.25338263728942e-5,7.41158665804212e-5,60805.1716788365,3.91895843201784e-5,TRUE,FALSE,FALSE,FALSE,0,0,0,3.91895843201784e-5,0,0,11.0276906564145,11.015430124844,23,2020,Construction,838,8.7,45.2,7829,993,12.7,1050,13.4,7.187796134815426e-4,1.2506765274578838e-6,4.923923336448363e-4,6.732210706467206,3.832979798087693,6.901737206656574,TRUE,TRUE,FALSE,0,0,0
2020,31-33,11612,460,23328,657,34940,1117,36057,0.0309787281249133,60100470,63280.4250566667,1.2336,60255010,5.8135984627075e-4,5.798687943127e-4,62509.3102059659,4.4704000547008e-4,TRUE,TRUE,TRUE,FALSE,1,1,0,4.4704000547008e-4,0.0309787281249133,0.0309787281249133,11.0553313194965,11.043070787926,31-33,2020,Manufacturing,1026,6.8,5243.3,13887,1181,8.5,1289,9.3,0.008549409503981618,8.724224619208469e-5,0.006839527603185294,6.934397209928558,8.564897051485248,7.074963197966044,TRUE,TRUE,TRUE,1,1,1
2020,42,1295,177,3028,119,4323,296,4619,0.0640831348776792,28032570,62572.8014366667,1.2336,28696212,1.5421347382705e-4,1.5064706101279e-4,61810.3094591783,1.1718619865228e-4,TRUE,FALSE,FALSE,FALSE,0,0,0,1.1718619865228e-4,0,0,11.0440859808312,11.0318254492607,42,2020,Wholesale Trade,192,5.6,983.6,3116,133,4.3,146,4.7,0.002753812032625893,3.508775684855153e-5,0.003586359856443023,5.262690188904886,6.892235467324101,4.897839799950911,TRUE,FALSE,TRUE,0,0,0
2020,44-45,3408,306,9024,348,12432,654,13086,0.0499770747363595,72420940,49958.2219691667,1.2336,77136482,1.7166305767365e-4,1.6116887467074e-4,49349.4471886475,8.33535550662007e-5,TRUE,FALSE,FALSE,FALSE,0,0,0,8.33535550662007e-5,0,0,10.8189423745183,10.8066818429478,44-45,2020,Retail Trade,1456,8.9,1502,14292,655,4.6,728,5.1,0.0019287984008275279,2.073985783669751e-5,0.003731805601601087,7.284134806195205,7.315218389752975,6.486160788944089,TRUE,FALSE,TRUE,0,0,0
2020,48-49,496,53,1363,54,1859,107,1966,0.0544252288911495,31502230,67831.0732990909,1.2336,25403244,5.90116953625188e-5,7.31796301291284e-5,67004.5057165713,4.63405382399193e-5,TRUE,FALSE,FALSE,FALSE,0,0,0,4.63405382399193e-5,0,0,11.1247756771835,11.112515145613,48-49,2020,Transportation and Warehousing,662,10.4,411.7,5377,916,17,979,18.2,5.674201477165268e-4,1.3068916073560507e-5,3.471276197795223e-4,6.4967749901858625,6.022720936758536,6.821107472256465,TRUE,TRUE,FALSE,0,0,0
2020,51,5529,425,15421,561,20950,986,21936,0.0449489423778264,13555220,77231.157405,1.2336,13556686,0.00154553006148185,0.00154536293014384,76290.0434292567,9.5933475187077e-4,TRUE,TRUE,TRUE,TRUE,1,1,1,9.5933475187077e-4,0.0449489423778264,0.0449489423778264,11.25455824792,11.2422977163495,51,2020,Information Technology,186,7.5,702.5,2160,200,9.3,222,10.3,0.020607067486424668,5.182505337427205e-5,0.016618602811632795,5.231108616854587,6.556067876554444,5.303304908059076,TRUE,TRUE,TRUE,1,1,1
2020,52,6623,287,22221,419,28844,706,29550,0.0238917089678511,29174450,84111.605266,1.2336,28095322,9.8867330832286e-4,0.0010266477814349301,83086.6483716869,5.433431231007e-4,TRUE,TRUE,TRUE,FALSE,1,1,0,5.433431231007e-4,0.0238917089678511,0.0238917089678511,11.3398998300912,11.3276392985207,52,2020,Finance and Insurance,218,2.9,721.9,6977,96,1.4,152,2.2,0.03409218304561587,2.4744253961942725e-5,0.07061952202306145,5.389071729816501,6.5832709000062515,4.574710978503383,FALSE,FALSE,TRUE,0,0,1
2020,53,488,71,812,51,1300,122,1422,0.0857946554149086,10770550,64010.0229733333,1.2336,10042336,1.2069950002553e-4,1.294519522151e-4,63230.0174777281,7.53211205042333e-5,TRUE,FALSE,FALSE,FALSE,0,0,0,7.53211205042333e-5,0,0,11.0667949590382,11.0545344274677,53,2020,Real Estate and Rental and Leasing,170,6.4,207.9,2131,74,3.5,93,4.3,0.0018859296878989062,1.9302635427160172e-5,0.003448557143586571,5.14166355650266,5.34185566856252,4.31748811353631,TRUE,FALSE,TRUE,0,0,0
2020,54,53033,11865,116518,14742,169551,26607,196158,0.135640657021381,46383060,67335.34068,1.2336,41218136,0.00365545093402635,0.00411350479313281,66514.8139352942,0.00309263863848671,TRUE,TRUE,TRUE,TRUE,1,1,1,0.00309263863848671,0.135640657021381,0.135640657021381,11.1174404993501,11.1051799677796,54,2020,Professional Services,536,4.5,1598.7,10153,132,1.3,208,2.1,0.08123224297836333,3.4467324924228806e-5,0.2811885333866423,6.285998094508865,7.37757139064755,4.890349128221754,FALSE,FALSE,TRUE,0,0,1
2020,55-56,1674,377,3176,293,4850,670,5520,0.19278374622458588,54479190,131091.367925,1.2336,53373652,1.70879616700993e-4,1.782627797234076e-4,129493.9307947164,1.638231115043059e-4,TRUE,FALSE,FALSE,FALSE,0,0,0,1.638231115043059e-4,0,0,11.783649824143897,11.771389292573396,55-56,2020,Management of Companies and Enterprises and Administrative and Support and Waste Management and Remediation Services,639,11,1240.5,4785,191,4,233,4.9,0.0015534510609181182,2.2770162331708677e-5,0.004271990417524825,6.461468176353717,7.124075604948222,5.2574953720277815,TRUE,FALSE,TRUE,0,0,0
2020,61,11595,256,13089,335,24684,591,25275,0.0233827893175074,63038990,61399.98033,1.2336,51184228,3.9156718722809e-4,4.8225793304922e-4,60651.7799722622,4.6196261864103e-4,TRUE,TRUE,TRUE,FALSE,1,1,0,4.6196261864103e-4,0.0233827893175074,0.0233827893175074,11.0251647937769,11.0129042622064,61,2020,Educational Services,405,8.1,47.1,4507,607,13.5,697,15.5,0.004834162805285062,7.471566406758738e-7,0.002900497683171037,6.0063531596017325,3.8732821771117156,6.410174881966167,TRUE,TRUE,FALSE,1,1,0
2020,62,5785,213,9992,287,15777,500,16277,0.0307181913128955,100734580,58364.8665225,1.2336,92019372,1.5661950444425e-4,1.7145302839058e-4,57653.6510827433,1.4845569691564e-4,TRUE,TRUE,FALSE,FALSE,1,0,0,1.4845569691564e-4,0.0307181913128955,0,10.9744693871399,10.9622088555694,62,2020,Healthcare,988,5.1,94,17858,1269,7.1,1478,8.3,0.003070970675377451,9.331453012461064e-7,0.002205908513299296,6.8966943316227125,4.553876891600541,7.146772179452637,FALSE,TRUE,FALSE,0,1,0
2020,71,163,37,245,19,408,56,464,0.120689655172414,8895330,54536.3797833333,1.2336,10534054,4.58667637962841e-5,3.87315272923416e-5,53871.8170482264,5.27052547860491e-5,TRUE,FALSE,FALSE,FALSE,0,0,0,5.27052547860491e-5,0,0,10.9066232769199,10.8943627453494,71,2020,"Arts, Entertainment, and Recreation",586,23.1,96.7,1810,86,4.8,106,5.9,1.985574190315329e-4,1.0870872693874201e-5,9.55557579089252e-4,6.375024819828097,4.581901559048737,4.465908118654584,TRUE,TRUE,FALSE,0,0,0
2020,72,200,69,657,36,857,105,962,0.109147609147609,57110220,46130.77701,1.2336,62316340,1.50060707172902e-5,1.37524122886549e-5,45568.6422393356,1.34218408847503e-5,TRUE,FALSE,FALSE,FALSE,0,0,0,1.34218408847503e-5,0,0,10.7392356203294,10.7269750887589,72,2020,Accommodation and Food Services,1958,18.5,627.8,8317,137,1.6,174,2.1,8.111389576913622e-5,1.0992778525454813e-5,9.378794198306375e-4,7.580189417944541,6.443813241114997,4.927253685157205,TRUE,FALSE,FALSE,0,0,0
2020,81,352,68,627,48,979,116,1095,0.105936073059361,18332600,55380.6107966667,1.2336,19571198,5.34021360854434e-5,5.00224871262352e-5,54705.7605347105,6.09467034159074e-5,TRUE,FALSE,FALSE,FALSE,0,0,0,6.09467034159074e-5,0,0,10.9219848258564,10.9097242942859,81,2020,Other Services,626,9.8,83.2,5344,134,2.5,162,3,5.449197559739122e-4,4.538363352715927e-6,0.002136085443417736,6.440946540632921,4.4331949212482815,4.90527477843843,TRUE,FALSE,FALSE,0,0,0
